HYDAC,,"ZBM 3000 (Schelle EDS3000, anschraubbar)",,3184630,"8,76",EUR,https://www.hypneu.de/shop/hydac-international-gmbh/3184630.html,6b82370a.html
HYDAC,,KHB-G3/8-1314-01X-A,,554293,"129,34",EUR,https://www.hypneu.de/shop/hydac-international-gmbh/accessories-ball-valves/554293.html,cdee21a9.html
HYDAC,,DSV-10-EY-4.0/1/X/XXXX-G24-Z4,,557367,,EUR,https://www.hypneu.de/shop/hydac-international-gmbh/accessories-ball-valves/dsv/557367.html,0fd704f6.html
HYDAC,,DAEMPFUNGSSCHIENE MDS280S ALT: DAMPING RAIL MDS280S,,3042928,,EUR,https://www.hypneu.de/shop/hydac-international-gmbh/accessories-bell-housings/3042928.html,461b167d.html
HYDAC,,DAEMPFUNGSRING DFR-V1/B5-400-S* ALT: Silent RING DFR-V1/B5-400-S,,3210987,,EUR,https://www.hypneu.de/shop/hydac-international-gmbh/accessories-bell-housings/damping-rings/3210987.html,90f094cd.html
HYDAC,,HRGBPU 25 S1 206-214/214 F1ZN ALT: HRGBPU 25 S1 206-214/214 ST,,3177701,"2.556,36",EUR,https://www.hypneu.de/shop/hydac-international-gmbh/accessories-mounting-techn/3177701.html,d1d4a593.html
HYDAC,,HRS 6 A 95 PP ST M BL ALT: HRS 6 S 95 PP ST M BL,,442729,,EUR,https://www.hypneu.de/shop/hydac-international-gmbh/accessories-mounting-techn/clamps-to-din3015/442729.html,f185506f.html
HYDAC,,HyRac 89-92/93 ST,,445039,"29,12",EUR,https://www.hypneu.de/shop/hydac-international-gmbh/armaturen/445039.html,99ae79a0.html
HYDAC,,KHMF-050-PN063-11141-06X-A,,550308,"868,20",EUR,https://www.hypneu.de/shop/hydac-international-gmbh/armaturen/2-wege-hochdruck-kugelhahne/550308.html,5a7f59e2.html
HYDAC,,KHN-Rp2-2232-16X-DVGW,,3023441,"188,95",EUR,https://www.hypneu.de/shop/hydac-international-gmbh/armaturen/2-wege-niederdruck-kugelhahne/3023441.html,a3ef9464.html
HYDAC,,KHB3K-12SR-L-1112-14X-A-SO1073,,3118258,"118,89",EUR,https://www.hypneu.de/shop/hydac-international-gmbh/armaturen/3-wege-hochdruck-kugelhahne/3118258.html,d3e28f03.html
HYDAC,,CX03M-2/2-D/C-2/15/040/034/24V-M12-1X-QR,,4320186,,EUR,https://www.hypneu.de/shop/hydac-international-gmbh/armaturen/coaxialventile-direktgesteuert/4320186.html,c7e28d2f.html
HYDAC,,CX07 -2/2-F/O-2/50/100/200/PV-24V-WS-DR,,3745087,,EUR,https://www.hypneu.de/shop/hydac-international-gmbh/armaturen/coaxialventile-fremdgesteuert/3745087.html,11565279.html
HYDAC,,DICHTSATZ  KHM-32-XX84,,3062663,,EUR,https://www.hypneu.de/shop/hydac-international-gmbh/armaturen/dichtungssatz-kugelhahn/3062663.html,4ad73f63.html
HYDAC,,DSV-10-M-4.1/1/X/T110,,561312,"773,94",EUR,https://www.hypneu.de/shop/hydac-international-gmbh/armaturen/dsv/561312.html,ccb449dd.html
HYDAC,,FSA-254-2.0/-/12-SO8/SO14  NEUTRAL  ø19,,3765760,"226,49",EUR,https://www.hypneu.de/shop/hydac-international-gmbh/armaturen/flussigkeitsstandanzeige/3765760.html,2a9cde09.html
HYDAC,,FSK-076-1.0/W/-/10 NEUTRAL    1SP   ø19,,4219058,,EUR,https://www.hypneu.de/shop/hydac-international-gmbh/armaturen/flussigkeitsstandkontrolle/4219058.html,114a685a.html
HYDAC,,SCHALTH.ZK SW09  60mm  Z410   R   SO374,,3803895,"12,09",EUR,https://www.hypneu.de/shop/hydac-international-gmbh/armaturen/handhebel/3803895.html,22b177ff.html
HYDAC,,"HRRL 3L KP 4X20 PP 164,5/3 M6",,3210421,"10,91",EUR,https://www.hypneu.de/shop/hydac-international-gmbh/armaturen/abschliessaufbau-ohne-schloss/3210421.html,1da125ea.html
HYDAC,,CXK01-2/2-FC-6/15/025/012PP,,3439205,,EUR,https://www.hypneu.de/shop/hydac-international-gmbh/armaturen/kolbensteuerventile/3439205.html,940e895b.html
HYDAC,,AEV-06,,859100,,EUR,https://www.hypneu.de/shop/hydac-international-gmbh/armaturen/manometerabsperrventil/859100.html,399cc684.html
HYDAC,,DICHTSATZ  MSL -  D 75  VITON,,700268,,EUR,https://www.hypneu.de/shop/hydac-international-gmbh/armaturen/manometerwahlschalter-msl/700268.html,8235fab2.html
HYDAC,,KH3-G1/2-L-1112-09X,,398592,"459,02",EUR,https://www.hypneu.de/shop/hydac-international-gmbh/armaturen/mehrwege-3-wege-kugelhahne/398592.html,38af3941.html
HYDAC,,KH4-10SR-T-1112-09X,,398628,"307,60",EUR,https://www.hypneu.de/shop/hydac-international-gmbh/armaturen/mehrwege-4-wege-kugelhahne/398628.html,4e23f505.html
HYDAC,,3/2+5/2-Wegevent. NAMUR G1/4 24V DC    *,,6108125,,EUR,https://www.hypneu.de/shop/hydac-international-gmbh/armaturen/stellantrieb-pneumatisch/6108125.html,f19533d2.html
HYDAC,,TFP-100/X/12/SE-M12x1              FSA/K,,3716402,"457,28",EUR,https://www.hypneu.de/shop/hydac-international-gmbh/armaturen/tfp-100/3716402.html,9e15eef6.html
HYDAC,,TS-L-80/X/12/SE                      FSK,,3278441,"499,93",EUR,https://www.hypneu.de/shop/hydac-international-gmbh/armaturen/thermoschalter/3278441.html,b6757762.html
HYDAC,,CX CBV-15-120-G1-F-P-24V-M12,,3587571,,EUR,https://www.hypneu.de/shop/hydac-international-gmbh/armaturen/cx-cbv/3587571.html,4d065f9b.html
HYDAC,,CX DBV-20-040-G1-F-H-EK,,3547509,,EUR,https://www.hypneu.de/shop/hydac-international-gmbh/armaturen/cx-dbv/3547509.html,251c1c78.html
HYDAC,,SCHALTH.ZK SW09  60mm  Z410   A   SO374,,555958,"10,12",EUR,https://www.hypneu.de/shop/hydac-international-gmbh/armaturen/kugelhaehne/555958.html,0b523338.html
HYDAC,,ZBL MR33,,6084207,"18,46",EUR,https://www.hypneu.de/shop/hydac-international-gmbh/befestigungstechnik/6084207.html,a58577fe.html
HYDAC,,OK-ELH4/1.0/H14/1/S/IBT45-2,,3309887,,EUR,https://www.hypneu.de/shop/hydac-international-gmbh/befestigungstechnik/gelenkbandschellen/3309887.html,b28aeb75.html
HYDAC,,"HRBGS 2 A 17,1-17,1 TPE ST M BL",,3260571,"6,12",EUR,https://www.hypneu.de/shop/hydac-international-gmbh/befestigungstechnik/gummielementbefestigungen/3260571.html,b528e971.html
HYDAC,,KHM-38SR-3314-02X,,3232259,"790,33",EUR,https://www.hypneu.de/shop/hydac-international-gmbh/befestigungstechnik/2-wege-hochdruck-kugelhahne/3232259.html,8096d2a7.html
HYDAC,,ZBL MR33,,6084207,"18,46",EUR,https://www.hypneu.de/shop/hydac-international-gmbh/befestigungstechnik/reihenleisten/6084207.html,a58577fe.html
HYDAC,,ZBE 10 Kabelbuchse(DIN 43651),,654527,"27,64",EUR,https://www.hypneu.de/shop/hydac-international-gmbh/befestigungstechnik/schellen-nach-din3015/654527.html,e3d6f1b0.html
HYDAC,,HDA 4445-A-0010-S00,,929862,"367,14",EUR,https://www.hypneu.de/shop/hydac-international-gmbh/befestigungstechnik/speicher-konsolen/929862.html,4d404d6f.html
HYDAC,,HDA 4846-A-600-000 + PP,,924133,"589,75",EUR,https://www.hypneu.de/shop/hydac-international-gmbh/befestigungstechnik/speicher-schellen/924133.html,847660f7.html
HYDAC,,PTS-400/M/204/FB078,,3071427,"487,84",EUR,https://www.hypneu.de/shop/hydac-international-gmbh/befestigungstechnik/starre-pumpentrager/3071427.html,3ec0cfe1.html
HYDAC,,"PTK-200/M/96,5/FB328-E",,3594460,"905,68",EUR,https://www.hypneu.de/shop/hydac-international-gmbh/befestigungstechnik/elast-pumpentrager-mit-ol-luft-kuhle/3594460.html,d6c9357a.html
HYDAC,,PT-200/M/97/FB156-E,,953544,"346,48",EUR,https://www.hypneu.de/shop/hydac-international-gmbh/befestigungstechnik/elastische-pumpentrager/953544.html,7d5ef90f.html
HYDAC,,HRRBS 5 BUE ST BL A=52,,266781,"3,74",EUR,https://www.hypneu.de/shop/hydac-international-gmbh/befestigungstechnik/flachstahlbugelschellen-din3567/266781.html,81b48579.html
HYDAC,,OK-ELD3H/3.1/12V/1/S/IBT45,,3190460,,EUR,https://www.hypneu.de/shop/hydac-international-gmbh/ch-cooling-systems/3190460.html,cde9030a.html
HYDAC,,OK-ELD3H/3.1/12V/1/S/IBT45,,3190460,,EUR,https://www.hypneu.de/shop/hydac-international-gmbh/ch-cooling-systems/mobile-series-ok-eld/3190460.html,cde9030a.html
HYDAC,,DB4E-01X-100V,,716001,"88,82",EUR,https://www.hypneu.de/shop/hydac-international-gmbh/compact-hydraulics/716001.html,039c08a0.html
HYDAC,,DB06C-01-C-V-300V,,2610538,"120,66",EUR,https://www.hypneu.de/shop/hydac-international-gmbh/compact-hydraulics/db06c/2610538.html,66185cbc.html
HYDAC,,DB08A-01-C-N-180V,,560418,"84,56",EUR,https://www.hypneu.de/shop/hydac-international-gmbh/compact-hydraulics/db08a/560418.html,043efa07.html
HYDAC,,DB08P-01-C-N-050V,,3141117,"122,69",EUR,https://www.hypneu.de/shop/hydac-international-gmbh/compact-hydraulics/db08p/3141117.html,a4aca30d.html
HYDAC,,DB10120A-02X-C-V-100V                  * ALT: DB10120A-02X-100V                      *,,561040,"148,35",EUR,https://www.hypneu.de/shop/hydac-international-gmbh/compact-hydraulics/db10120a/561040.html,de248227.html
HYDAC,,DB10P-01-C-N-180V,,3010843,"138,88",EUR,https://www.hypneu.de/shop/hydac-international-gmbh/compact-hydraulics/db10p/3010843.html,1913d560.html
HYDAC,,DB10SPE-01-C-N-090V,,3433849,"174,13",EUR,https://www.hypneu.de/shop/hydac-international-gmbh/compact-hydraulics/db10spe/3433849.html,ee8b0b87.html
HYDAC,,DB12120A-01X-350V,,552807,"176,68",EUR,https://www.hypneu.de/shop/hydac-international-gmbh/compact-hydraulics/db12120a/552807.html,9a187120.html
HYDAC,,DB12120A-011-CExxxx.ENISO4126.6L.110.180,,3108623,"326,10",EUR,https://www.hypneu.de/shop/hydac-international-gmbh/compact-hydraulics/db12120a-ce/3108623.html,77f84eca.html
HYDAC,,DB12P-01-C-N-500V,,3047314,"158,37",EUR,https://www.hypneu.de/shop/hydac-international-gmbh/compact-hydraulics/db12p/3047314.html,15bb66c5.html
HYDAC,,DB16P-01-C-N-330V,,3010800,"196,28",EUR,https://www.hypneu.de/shop/hydac-international-gmbh/compact-hydraulics/db16p/3010800.html,b41dc3bd.html
HYDAC,,DB3E-02-C-V-250V ALT: DB3E-02X-250V,,716146,"57,83",EUR,https://www.hypneu.de/shop/hydac-international-gmbh/compact-hydraulics/db3e/716146.html,1c0e8a86.html
HYDAC,,DB4E-01X-100V,,716001,"88,82",EUR,https://www.hypneu.de/shop/hydac-international-gmbh/compact-hydraulics/db4e/716001.html,039c08a0.html
HYDAC,,DB4E-013-CExxxx.ENISO4126.4L.24.190,,3108515,"301,93",EUR,https://www.hypneu.de/shop/hydac-international-gmbh/compact-hydraulics/db4e-ce/3108515.html,2ef2fb0e.html
HYDAC,,DLHSD-01X-16/100,,3345531,"683,41",EUR,https://www.hypneu.de/shop/hydac-international-gmbh/compact-hydraulics/dlhsd/3345531.html,f9dd86bf.html
HYDAC,,DLHSR-01X-16/250,,396811,"633,48",EUR,https://www.hypneu.de/shop/hydac-international-gmbh/compact-hydraulics/dlhsr/396811.html,1beac639.html
HYDAC,,DMVE-G1/2-01X-140V,,710250,"231,85",EUR,https://www.hypneu.de/shop/hydac-international-gmbh/compact-hydraulics/dmve/710250.html,6fbd3812.html
HYDAC,,DR08-01-C-N-220V,,560454,"94,25",EUR,https://www.hypneu.de/shop/hydac-international-gmbh/compact-hydraulics/dr08/560454.html,083472f7.html
HYDAC,,DR08P-01-C-N-180V,,3120533,"135,68",EUR,https://www.hypneu.de/shop/hydac-international-gmbh/compact-hydraulics/dr08p/3120533.html,d047e530.html
HYDAC,,DR10-01-C-N-140V,,3026816,"114,91",EUR,https://www.hypneu.de/shop/hydac-international-gmbh/compact-hydraulics/dr10/3026816.html,866cdead.html
HYDAC,,DR10P-01-C-N-090V,,3024309,"151,98",EUR,https://www.hypneu.de/shop/hydac-international-gmbh/compact-hydraulics/dr10p/3024309.html,7b4e646e.html
HYDAC,,DRM10130P-01-C-N-060V,,3124335,"164,65",EUR,https://www.hypneu.de/shop/hydac-international-gmbh/compact-hydraulics/drm10130p/3124335.html,2cad1190.html
HYDAC,,DRV-06-30.1/0,,705634,"672,44",EUR,https://www.hypneu.de/shop/hydac-international-gmbh/compact-hydraulics/drv-06/705634.html,e3b5fcce.html
HYDAC,,DRV-08-30.1/0,,705642,"672,44",EUR,https://www.hypneu.de/shop/hydac-international-gmbh/compact-hydraulics/drv-08/705642.html,57bd6f2f.html
HYDAC,,DRV-10-01.5/0 ALT: DRV-10-01.4/0,,705526,"42,18",EUR,https://www.hypneu.de/shop/hydac-international-gmbh/compact-hydraulics/drv-10/705526.html,8ab50d10.html
HYDAC,,DRV-12-12.5/0 ALT: DRV-12-12.3/0,,707318,"157,73",EUR,https://www.hypneu.de/shop/hydac-international-gmbh/compact-hydraulics/drv-12/707318.html,e39ff6f5.html
HYDAC,,DRV-16-30.1/0,,705666,"1.334,66",EUR,https://www.hypneu.de/shop/hydac-international-gmbh/compact-hydraulics/drv-16/705666.html,63c1ff41.html
HYDAC,,DRV-20-12.1/0,,707308,"399,91",EUR,https://www.hypneu.de/shop/hydac-international-gmbh/compact-hydraulics/drv-20/707308.html,dd9daeec.html
HYDAC,,DRV-25-01.1/0,,705574,"219,24",EUR,https://www.hypneu.de/shop/hydac-international-gmbh/compact-hydraulics/drv-25/705574.html,0ac10f83.html
HYDAC,,DRV-30-01.1/0,,705586,"262,33",EUR,https://www.hypneu.de/shop/hydac-international-gmbh/compact-hydraulics/drv-30/705586.html,1ac3674a.html
HYDAC,,DRV-40-01.1/0,,705598,"1.224,11",EUR,https://www.hypneu.de/shop/hydac-international-gmbh/compact-hydraulics/drv-40/705598.html,92c662c9.html
HYDAC,,DRVP-06-01.2,,705777,"142,92",EUR,https://www.hypneu.de/shop/hydac-international-gmbh/compact-hydraulics/drvp-06/705777.html,64d2592c.html
HYDAC,,DRVP-08-01.2,,705779,"142,92",EUR,https://www.hypneu.de/shop/hydac-international-gmbh/compact-hydraulics/drvp-08/705779.html,6ad2629e.html
HYDAC,,DRVP-10-01.2,,705781,"167,31",EUR,https://www.hypneu.de/shop/hydac-international-gmbh/compact-hydraulics/drvp-10/705781.html,72f2c2e1.html
HYDAC,,DRVP-12-01.2,,705783,"207,57",EUR,https://www.hypneu.de/shop/hydac-international-gmbh/compact-hydraulics/drvp-12/705783.html,70f2bfbb.html
HYDAC,,DRVP-16-01.2,,705785,"261,78",EUR,https://www.hypneu.de/shop/hydac-international-gmbh/compact-hydraulics/drvp-16/705785.html,76f2c92d.html
HYDAC,,DRVP-20-01.2,,705787,"463,17",EUR,https://www.hypneu.de/shop/hydac-international-gmbh/compact-hydraulics/drvp-20/705787.html,74f2c607.html
HYDAC,,DRVP-25-01.2,,705789,"870,00",EUR,https://www.hypneu.de/shop/hydac-international-gmbh/compact-hydraulics/drvp-25/705789.html,6af2b649.html
HYDAC,,DRVP-30-01.2,,705791,"1.193,55",EUR,https://www.hypneu.de/shop/hydac-international-gmbh/compact-hydraulics/drvp-30/705791.html,76f507c4.html
HYDAC,,DRVP-40-01.2,,705792,"1.712,73",EUR,https://www.hypneu.de/shop/hydac-international-gmbh/compact-hydraulics/drvp-40/705792.html,79f50c7d.html
HYDAC,,DSR5E-010/100V ALT: DSR5E-01X/100V,,710280,"287,55",EUR,https://www.hypneu.de/shop/hydac-international-gmbh/compact-hydraulics/dsr5e/710280.html,7ddda1c7.html
HYDAC,,DV-06-11.5/0 ALT: DV-06-11.4/0,,397751,"90,63",EUR,https://www.hypneu.de/shop/hydac-international-gmbh/compact-hydraulics/dv-06/397751.html,76f804ed.html
HYDAC,,DV-08-30.1/0,,705142,"463,17",EUR,https://www.hypneu.de/shop/hydac-international-gmbh/compact-hydraulics/dv-08/705142.html,4a40713e.html
HYDAC,,DV-10-01.5/0 ALT: DV-10-01.4/0,,705026,"35,66",EUR,https://www.hypneu.de/shop/hydac-international-gmbh/compact-hydraulics/dv-10/705026.html,2cdcf203.html
HYDAC,,DV-12-01.5/0 ALT: DV-12-01.4/0,,705038,"43,73",EUR,https://www.hypneu.de/shop/hydac-international-gmbh/compact-hydraulics/dv-12/705038.html,34dac004.html
HYDAC,,DV-16-30.1/0,,705166,"926,02",EUR,https://www.hypneu.de/shop/hydac-international-gmbh/compact-hydraulics/dv-16/705166.html,ce45be38.html
HYDAC,,DV-20-30.1/0,,705174,"1.853,95",EUR,https://www.hypneu.de/shop/hydac-international-gmbh/compact-hydraulics/dv-20/705174.html,be47e39f.html
HYDAC,,DV-25-01.1/0,,705074,"185,78",EUR,https://www.hypneu.de/shop/hydac-international-gmbh/compact-hydraulics/dv-25/705074.html,b8d10274.html
HYDAC,,DV-30-01.1/0,,705086,"225,99",EUR,https://www.hypneu.de/shop/hydac-international-gmbh/compact-hydraulics/dv-30/705086.html,2ccde779.html
HYDAC,,DV-40-01.1/0,,705098,"1.442,22",EUR,https://www.hypneu.de/shop/hydac-international-gmbh/compact-hydraulics/dv-40/705098.html,30cbaf2e.html
HYDAC,,DV5E-01X,,710300,"72,42",EUR,https://www.hypneu.de/shop/hydac-international-gmbh/compact-hydraulics/dv5e/710300.html,8f320394.html
HYDAC,,DVP-06-01.1,,705351,"116,83",EUR,https://www.hypneu.de/shop/hydac-international-gmbh/compact-hydraulics/dvp-06/705351.html,1b73d2ac.html
HYDAC,,DVP-08-01.1,,705353,"116,83",EUR,https://www.hypneu.de/shop/hydac-international-gmbh/compact-hydraulics/dvp-08/705353.html,1d73d5d2.html
HYDAC,,DVP-10-01.1,,705355,"136,64",EUR,https://www.hypneu.de/shop/hydac-international-gmbh/compact-hydraulics/dvp-10/705355.html,1773cc60.html
HYDAC,,DVP-12-01.1,,705357,"169,23",EUR,https://www.hypneu.de/shop/hydac-international-gmbh/compact-hydraulics/dvp-12/705357.html,1973cf86.html
HYDAC,,DVP-16-01.1,,705359,"211,72",EUR,https://www.hypneu.de/shop/hydac-international-gmbh/compact-hydraulics/dvp-16/705359.html,2373df44.html
HYDAC,,DVP-20-01.1,,705361,"372,43",EUR,https://www.hypneu.de/shop/hydac-international-gmbh/compact-hydraulics/dvp-20/705361.html,ab6c6697.html
HYDAC,,DVP-25-01.1,,705363,"704,50",EUR,https://www.hypneu.de/shop/hydac-international-gmbh/compact-hydraulics/dvp-25/705363.html,ad6c69bd.html
HYDAC,,DVP-30-01.1,,705365,"970,00",EUR,https://www.hypneu.de/shop/hydac-international-gmbh/compact-hydraulics/dvp-30/705365.html,a76c604b.html
HYDAC,,DW05830V-21-C-N-10,,3031531,"92,34",EUR,https://www.hypneu.de/shop/hydac-international-gmbh/compact-hydraulics/dw05830v/3031531.html,6ac29131.html
HYDAC,,DW10Z-01-C-N-150,,2610244,"117,04",EUR,https://www.hypneu.de/shop/hydac-international-gmbh/compact-hydraulics/dw10z/2610244.html,a762011e.html
HYDAC,,DWM08130Z-22-C-N-15,,3036882,"111,83",EUR,https://www.hypneu.de/shop/hydac-international-gmbh/compact-hydraulics/dwm08130z/3036882.html,e8c48903.html
HYDAC,,DWM12130R-22-C-N-15,,3437173,"123,22",EUR,https://www.hypneu.de/shop/hydac-international-gmbh/compact-hydraulics/dwm12130r/3437173.html,4e333a89.html
HYDAC,,DWM12130Y-21-C-V-22,,557576,"123,22",EUR,https://www.hypneu.de/shop/hydac-international-gmbh/compact-hydraulics/dwm12130y/557576.html,e92277e2.html
HYDAC,,DZ5E-01X-350V,,710299,"182,22",EUR,https://www.hypneu.de/shop/hydac-international-gmbh/compact-hydraulics/dz5e/710299.html,f0da8539.html
HYDAC,,DZM06020-01-C-N-210V,,3376262,"155,28",EUR,https://www.hypneu.de/shop/hydac-international-gmbh/compact-hydraulics/dzm06020/3376262.html,ea9cbf2c.html
HYDAC,,HYFLEX E2 DB-WS-12DG,,3540188,,EUR,https://www.hypneu.de/shop/hydac-international-gmbh/compact-hydraulics/hx-1-modular-manifold-system/3540188.html,edc49e08.html
HYDAC,,Geh (R10120A-01X-02) ALT: INLINE HOUSING            (R10120A-01X-0,,395233,,EUR,https://www.hypneu.de/shop/hydac-international-gmbh/compact-hydraulics/inline-connection-housings/395233.html,eeebb658.html
HYDAC,,P4WE 10 J60 D01-24PG/V,,6078964,,EUR,https://www.hypneu.de/shop/hydac-international-gmbh/compact-hydraulics/p4we10/6078964.html,f8278fc5.html
HYDAC,,P4WEHRE E 10 E80 D01-24PG E0A/V ALT: P4WEHRE E 10 E80 D01-24PG E0/V,,3807969,"5.367,28",EUR,https://www.hypneu.de/shop/hydac-international-gmbh/compact-hydraulics/p4wehre/3807969.html,5b8d3ad7.html
HYDAC,,PDB08P-01-C-N-330-12PG-2.2,,3144427,"281,05",EUR,https://www.hypneu.de/shop/hydac-international-gmbh/compact-hydraulics/pdb08p/3144427.html,3cd96f48.html
HYDAC,,PDB08PZ-08-C-N-140V140-12PG-2.2 §0404 ALT: PDB08PZ-08-C-N-140V140-12PG-2.2,,3436129,"385,64",EUR,https://www.hypneu.de/shop/hydac-international-gmbh/compact-hydraulics/pdb08pz/3436129.html,8bbfa693.html
HYDAC,,PDB10P-01-C-N-330-12PG-2.2,,3122958,"297,14",EUR,https://www.hypneu.de/shop/hydac-international-gmbh/compact-hydraulics/pdb10p/3122958.html,82444aa5.html
HYDAC,,PDB10PZ-08-C-N-330V330-24PG-8.8,,3356456,"401,72",EUR,https://www.hypneu.de/shop/hydac-international-gmbh/compact-hydraulics/pdb10pz/3356456.html,06b76633.html
HYDAC,,PDB12P-01-C-N-500-12PG-2.2,,3144464,"324,61",EUR,https://www.hypneu.de/shop/hydac-international-gmbh/compact-hydraulics/pdb12p/3144464.html,afcf96f5.html
HYDAC,,PDB12PZ-09-C-N-330V330-24PG-8.8,,3370984,"421,21",EUR,https://www.hypneu.de/shop/hydac-international-gmbh/compact-hydraulics/pdb12pz/3370984.html,b5ce523b.html
HYDAC,,PDB16P-01-C-N-500-0,,3191385,"301,18",EUR,https://www.hypneu.de/shop/hydac-international-gmbh/compact-hydraulics/pdb16p/3191385.html,6af6db67.html
HYDAC,,PDB16PZ-09-C-N-330V330-0,,3436113,"405,77",EUR,https://www.hypneu.de/shop/hydac-international-gmbh/compact-hydraulics/pdb16pz/3436113.html,05c72266.html
HYDAC,,PDBM06020-01-C-N-070-12PG-4.1,,3362793,"271,26",EUR,https://www.hypneu.de/shop/hydac-international-gmbh/compact-hydraulics/pdbm06020/3362793.html,1f482968.html
HYDAC,,PDBM10120AP-01-C-N-060-12PG-2.2,,3122655,"306,51",EUR,https://www.hypneu.de/shop/hydac-international-gmbh/compact-hydraulics/pdbm10120ap/3122655.html,e39dcd67.html
HYDAC,,PDMC04S30D-03-C-N-25-12PU-5.2,,3486396,"178,60",EUR,https://www.hypneu.de/shop/hydac-international-gmbh/compact-hydraulics/pdmc04s30d/3486396.html,16a2d43a.html
HYDAC,,PDMC05S30A-11-C-N-35-24PU-10.5,,3270226,"170,19",EUR,https://www.hypneu.de/shop/hydac-international-gmbh/compact-hydraulics/pdmc05s30a/3270226.html,041d6c1b.html
HYDAC,,PDMC10S30P-01-C-N-35-12PU-5.2,,3450703,"207,36",EUR,https://www.hypneu.de/shop/hydac-international-gmbh/compact-hydraulics/pdmc10s30p/3450703.html,def44dd1.html
HYDAC,,PDR08-01-C-N-50-12PG-2.2,,3111732,"294,26",EUR,https://www.hypneu.de/shop/hydac-international-gmbh/compact-hydraulics/pdr08-01/3111732.html,aee4a0e5.html
HYDAC,,PDR08-02-C-N-20-0,,3437016,"228,02",EUR,https://www.hypneu.de/shop/hydac-international-gmbh/compact-hydraulics/pdr08-02/3437016.html,f6af997b.html
HYDAC,,PDR08-50-C-N-030-0,,3394989,"280,31",EUR,https://www.hypneu.de/shop/hydac-international-gmbh/compact-hydraulics/pdr08-50/3394989.html,1ed5df0a.html
HYDAC,,PDR08P-01-C-N-87-12PG-2.2,,3147475,"293,94",EUR,https://www.hypneu.de/shop/hydac-international-gmbh/compact-hydraulics/pdr08p/3147475.html,5ee29d5c.html
HYDAC,,PDR10P-01-C-N-260-12PG-2.2,,3124432,"310,34",EUR,https://www.hypneu.de/shop/hydac-international-gmbh/compact-hydraulics/pdr10p/3124432.html,451088ec.html
HYDAC,,VP-2SR10 D70SR S01/N,,3493368,"1.577,27",EUR,https://www.hypneu.de/shop/hydac-international-gmbh/compact-hydraulics/vp-2sr10/3493368.html,279d78a9.html
HYDAC,,VP-2SR6 D10SR S01/V,,3541169,"878,84",EUR,https://www.hypneu.de/shop/hydac-international-gmbh/compact-hydraulics/vp-2sr6/3541169.html,2aac2600.html
HYDAC,,VP-DBP10 350V S01/N,,3493343,"844,55",EUR,https://www.hypneu.de/shop/hydac-international-gmbh/compact-hydraulics/vp-dbp10/3493343.html,9ca2ae06.html
HYDAC,,VP-DRP10 210VR S01/N,,3493358,"1.758,63",EUR,https://www.hypneu.de/shop/hydac-international-gmbh/compact-hydraulics/vp-drp10/3493358.html,2d9fc0b2.html
HYDAC,,VP-P2SRE 6 L25R D01-24PG/V,,3541029,"1.670,88",EUR,https://www.hypneu.de/shop/hydac-international-gmbh/compact-hydraulics/vp-p2sre6/3541029.html,be14dc2b.html
HYDAC,,VP-PDB6 210 D01-24PG/N,,3493317,"967,87",EUR,https://www.hypneu.de/shop/hydac-international-gmbh/compact-hydraulics/vp-pdb6/3493317.html,30aa52c7.html
HYDAC,,VP-PDBP10 070 D01-24PG/N,,3493319,"1.785,26",EUR,https://www.hypneu.de/shop/hydac-international-gmbh/compact-hydraulics/vp-pdbp10/3493319.html,26aa4309.html
HYDAC,,VP-RP10 35 S01/N,,3493369,"2.035,32",EUR,https://www.hypneu.de/shop/hydac-international-gmbh/compact-hydraulics/vp-rp10/3493369.html,269d7716.html
HYDAC,,WVE-R1/4-010                  (+PUR)   * ALT: WVE-R1/4-010,,710126,"52,29",EUR,https://www.hypneu.de/shop/hydac-international-gmbh/compact-hydraulics/wve-r-1-4/710126.html,665c16ea.html
HYDAC,,WVE-R1/8-010                           *,,710125,"50,59",EUR,https://www.hypneu.de/shop/hydac-international-gmbh/compact-hydraulics/wve-r-1-8/710125.html,655c1557.html
HYDAC,,WVE-R1/2-010,,3467544,"86,69",EUR,https://www.hypneu.de/shop/hydac-international-gmbh/compact-hydraulics/wve-r1-2/3467544.html,791acfd4.html
HYDAC,,"WVT-10S-1-verzinkt (3x S-Ring,3x Mutter) ALT: WVT-10S-1-ZINC PLATED",,710140,"92,76",EUR,https://www.hypneu.de/shop/hydac-international-gmbh/compact-hydraulics/wvt/710140.html,646b1e4e.html
HYDAC,,ZW-2SR06-01- AA -10- N,,3493766,"1.271,40",EUR,https://www.hypneu.de/shop/hydac-international-gmbh/compact-hydraulics/zw-2sr06/3493766.html,7e16b44b.html
HYDAC,,ZW-2SR10-01- AA -22-N,,3493800,"1.634,14",EUR,https://www.hypneu.de/shop/hydac-international-gmbh/compact-hydraulics/zw-2sr10/3493800.html,0a17fe7a.html
HYDAC,,ZW-DB06-01-PT    350V- V* ALT: ZW-DB06-01-PT    350V- V              *,,6074657,"349,96",EUR,https://www.hypneu.de/shop/hydac-international-gmbh/compact-hydraulics/zw-db06/6074657.html,3a30e2b6.html
HYDAC,,ZW-DM06-01-PT   35V- V,,3552169,"404,27",EUR,https://www.hypneu.de/shop/hydac-international-gmbh/compact-hydraulics/zw-dm06/3552169.html,97376670.html
HYDAC,,ZW-DM10-01-PA-140V-N,,3492626,"1.044,23",EUR,https://www.hypneu.de/shop/hydac-international-gmbh/compact-hydraulics/zw-dm10/3492626.html,ca43f981.html
HYDAC,,ZW-RP06-01-AAB-N                       * ALT: ZW-RP06-01-AAB-N               *,,6071198,"231,64",EUR,https://www.hypneu.de/shop/hydac-international-gmbh/compact-hydraulics/zw-rp06/6071198.html,3cc31633.html
HYDAC,,"ZW-RV06-01-A 0,5-N             *",,6071177,"179,45",EUR,https://www.hypneu.de/shop/hydac-international-gmbh/compact-hydraulics/zw-rv06/6071177.html,b9dbdfe0.html
HYDAC,,ZW-SDR06-01-AAB-N                      * ALT: Sandwich Valve ZW-SDR06-01-AAB-N      *,,6071194,"242,61",EUR,https://www.hypneu.de/shop/hydac-international-gmbh/compact-hydraulics/zw-sdr06/6071194.html,48c32917.html
HYDAC,,RS08-01-C-N-4-500F300,,3104412,"180,62",EUR,https://www.hypneu.de/shop/hydac-international-gmbh/compacthydraulik/3104412.html,29fd85b4.html
HYDAC,,CFM20120-01-C-V-6-B 5,,3761906,"317,69",EUR,https://www.hypneu.de/shop/hydac-international-gmbh/compacthydraulik/cfm/3761906.html,2fce1f3b.html
HYDAC,,DB06C-01-C-N-300F240,,2610881,"156,66",EUR,https://www.hypneu.de/shop/hydac-international-gmbh/compacthydraulik/db06c/2610881.html,5f2daa3b.html
HYDAC,,DB08A-01-C-N-500V335,,2596365,"97,45",EUR,https://www.hypneu.de/shop/hydac-international-gmbh/compacthydraulik/db08a/2596365.html,7d9c2741.html
HYDAC,,DB08P-01-C-N-180H,,3238228,"141,43",EUR,https://www.hypneu.de/shop/hydac-international-gmbh/compacthydraulik/db08p/3238228.html,04d39111.html
HYDAC,,DB08PY-01-C-N-500V-0,,3983119,"228,98",EUR,https://www.hypneu.de/shop/hydac-international-gmbh/compacthydraulik/db08py/3983119.html,2d254475.html
HYDAC,,DB10120A-02X-C-V-350V180               * ALT: DB10120A-02X-350V180                   *,,3226283,"170,51",EUR,https://www.hypneu.de/shop/hydac-international-gmbh/compacthydraulik/db10120a/3226283.html,8cbcb54b.html
HYDAC,,DB10P-01-C-N-500H,,4040980,"159,96",EUR,https://www.hypneu.de/shop/hydac-international-gmbh/compacthydraulik/db10p/4040980.html,f9d5386c.html
HYDAC,,DB10PY-01-C-N-330V-0,,3902396,"243,89",EUR,https://www.hypneu.de/shop/hydac-international-gmbh/compacthydraulik/db10py/3902396.html,f3a44ce7.html
HYDAC,,DB10SPE-01-C-V-050V,,3883779,"180,73",EUR,https://www.hypneu.de/shop/hydac-international-gmbh/compacthydraulik/db10spe/3883779.html,609485f8.html
HYDAC,,DB12120A-01X-350F250,,4088174,"244,20",EUR,https://www.hypneu.de/shop/hydac-international-gmbh/compacthydraulik/db12120a/4088174.html,51becba3.html
HYDAC,,DB12120A-011-CExxxx.ENISO4126.6L.110.340,,3109758,"326,10",EUR,https://www.hypneu.de/shop/hydac-international-gmbh/compacthydraulik/db12120a-ce/3109758.html,9e0b2e8e.html
HYDAC,,DB12P-01-C-N-050H,,4039746,"182,12",EUR,https://www.hypneu.de/shop/hydac-international-gmbh/compacthydraulik/db12p/4039746.html,b188e060.html
HYDAC,,DB12PY-01-C-N-140V-0,,3981827,"263,06",EUR,https://www.hypneu.de/shop/hydac-international-gmbh/compacthydraulik/db12py/3981827.html,f95b3075.html
HYDAC,,DB16P-01-C-N-050K,,4073189,"235,58",EUR,https://www.hypneu.de/shop/hydac-international-gmbh/compacthydraulik/db16p/4073189.html,59416341.html
HYDAC,,DB16PY-01-C-N-087V-0,,3983121,"301,18",EUR,https://www.hypneu.de/shop/hydac-international-gmbh/compacthydraulik/db16py/3983121.html,2d2305de.html
HYDAC,,DB3E-02-C-V-100V030 ALT: DB3E-02X-100V30,,4068572,"66,35",EUR,https://www.hypneu.de/shop/hydac-international-gmbh/compacthydraulik/db3e/4068572.html,0ab75b0b.html
HYDAC,,DB4E-01X-200A,,4013623,"363,06",EUR,https://www.hypneu.de/shop/hydac-international-gmbh/compacthydraulik/db4e/4013623.html,aeb71182.html
HYDAC,,DB4E-25X-250V,,3714539,"141,33",EUR,https://www.hypneu.de/shop/hydac-international-gmbh/compacthydraulik/db4e-25x/3714539.html,ab88afb9.html
HYDAC,,DB4E-013-CExxxx.ENISO4126.4L.18.141,,3509867,"301,93",EUR,https://www.hypneu.de/shop/hydac-international-gmbh/compacthydraulik/db4e-ce/3509867.html,57565e7d.html
HYDAC,,DBM06020-51-C-N-100V,,3833558,"85,41",EUR,https://www.hypneu.de/shop/hydac-international-gmbh/compacthydraulik/dbm06020-51/3833558.html,5a0253c6.html
HYDAC,,DBM12120APY-01-C-N-350V-0,,4056846,"272,00",EUR,https://www.hypneu.de/shop/hydac-international-gmbh/compacthydraulik/dbm12120apy/4056846.html,f80c7854.html
HYDAC,,FS METRISCH 1013./V,,4079594,,EUR,https://www.hypneu.de/shop/hydac-international-gmbh/compacthydraulik/dichtsatze/4079594.html,10265929.html
HYDAC,,DLM12121P-01-C-N-10-350V,,3903008,"464,55",EUR,https://www.hypneu.de/shop/hydac-international-gmbh/compacthydraulik/dlm12121p/3903008.html,8d3b6798.html
HYDAC,,DR06-01-C-N-050V,,2610571,"132,06",EUR,https://www.hypneu.de/shop/hydac-international-gmbh/compacthydraulik/dr06/2610571.html,d70e8143.html
HYDAC,,DR08-01-C-N-300V300,,3907714,"108,52",EUR,https://www.hypneu.de/shop/hydac-international-gmbh/compacthydraulik/dr08/3907714.html,04b479dc.html
HYDAC,,DR08P-01-C-N-180K,,3809758,"162,84",EUR,https://www.hypneu.de/shop/hydac-international-gmbh/compacthydraulik/dr08p/3809758.html,3d0ce46f.html
HYDAC,,DR10-01-C-N-190K,,3556389,"137,92",EUR,https://www.hypneu.de/shop/hydac-international-gmbh/compacthydraulik/dr10/3556389.html,89fc0e48.html
HYDAC,,DR10P-01-C-N-090H,,3678135,"174,98",EUR,https://www.hypneu.de/shop/hydac-international-gmbh/compacthydraulik/dr10p/3678135.html,67b2e696.html
HYDAC,,DRM10121-12-C-N-070C,,4255715,"393,62",EUR,https://www.hypneu.de/shop/hydac-international-gmbh/compacthydraulik/drm10121/4255715.html,b677fc60.html
HYDAC,,DRM10130P-01-C-N-230H,,3550808,"189,46",EUR,https://www.hypneu.de/shop/hydac-international-gmbh/compacthydraulik/drm10130p/3550808.html,e2d50dc0.html
HYDAC,,DRVP-06-12.2,,706344,"207,57",EUR,https://www.hypneu.de/shop/hydac-international-gmbh/compacthydraulik/drvp-06/706344.html,d7079bfd.html
HYDAC,,DRVP-20-12.2,,706341,"671,70",EUR,https://www.hypneu.de/shop/hydac-international-gmbh/compacthydraulik/drvp-20/706341.html,d207941e.html
HYDAC,,DVP-08-12.1,,705388,"169,34",EUR,https://www.hypneu.de/shop/hydac-international-gmbh/compacthydraulik/dvp-08/705388.html,a67b6942.html
HYDAC,,DW12P-23-C-N-180,,4138622,"169,65",EUR,https://www.hypneu.de/shop/hydac-international-gmbh/compacthydraulik/dw12p/4138622.html,c9307269.html
HYDAC,,DWM10130RS-22-C-N-05,,4193484,"211,08",EUR,https://www.hypneu.de/shop/hydac-international-gmbh/compacthydraulik/dwm10130rs/4193484.html,d447f176.html
HYDAC,,DWM12121Z-21-C-V-08,,3283782,"130,04",EUR,https://www.hypneu.de/shop/hydac-international-gmbh/compacthydraulik/dwm12121z/3283782.html,f103c044.html
HYDAC,,DWM12121ZD-21-C-N-06-230V175,,3716992,"241,12",EUR,https://www.hypneu.de/shop/hydac-international-gmbh/compacthydraulik/dwm12121zd/3716992.html,362d1258.html
HYDAC,,DWM12121ZMDY-23-C-V-06-230V200-24DG,,4156574,"346,98",EUR,https://www.hypneu.de/shop/hydac-international-gmbh/compacthydraulik/dwm12121zmd-pd-mdz-pdz-mdy/4156574.html,2de29f2b.html
HYDAC,,DZ5E-04X-250V100,,3516584,"209,70",EUR,https://www.hypneu.de/shop/hydac-international-gmbh/compacthydraulik/dz5e/3516584.html,8269971d.html
HYDAC,,DZM12131PE-01-C-N-125V,,3658119,"245,48",EUR,https://www.hypneu.de/shop/hydac-international-gmbh/compacthydraulik/dzm12131pe/3658119.html,09ea0006.html
HYDAC,,L-CEE 63 H 6 E-14/N,,4458801,"2.699,24",EUR,https://www.hypneu.de/shop/hydac-international-gmbh/compacthydraulik/l-cee-kegel-e/4458801.html,84c35263.html
HYDAC,,PDB08P-01M-C-V-330-0,,3456434,"270,94",EUR,https://www.hypneu.de/shop/hydac-international-gmbh/compacthydraulik/pdb08p/3456434.html,532b0ec8.html
HYDAC,,PDB08PY-01-C-N-500V-0,,3949680,"378,50",EUR,https://www.hypneu.de/shop/hydac-international-gmbh/compacthydraulik/pdb08py/3949680.html,c9ae7bd4.html
HYDAC,,PDB08PZ-31-C-N-087V087-0 §0504,,4163695,"246,44",EUR,https://www.hypneu.de/shop/hydac-international-gmbh/compacthydraulik/pdb08pz/4163695.html,95c8530b.html
HYDAC,,PDB10P-01-C-V-500-0,,4040196,"250,38",EUR,https://www.hypneu.de/shop/hydac-international-gmbh/compacthydraulik/pdb10p/4040196.html,2318d05b.html
HYDAC,,PDB10PY-01-C-N-500V-0,,4291318,"394,58",EUR,https://www.hypneu.de/shop/hydac-international-gmbh/compacthydraulik/pdb10py/4291318.html,7b3ab00b.html
HYDAC,,PDB10PZ-31-C-N-330V330-0 §0504,,4155801,"262,52",EUR,https://www.hypneu.de/shop/hydac-international-gmbh/compacthydraulik/pdb10pz/4155801.html,dfe8e4c7.html
HYDAC,,PDB10SPE-01-C-N-087-0,,3535522,"278,92",EUR,https://www.hypneu.de/shop/hydac-international-gmbh/compacthydraulik/pdb10spe/3535522.html,bdabbebc.html
HYDAC,,PDB10SPEZ-31-C-N-250V250-0,,4061896,"297,67",EUR,https://www.hypneu.de/shop/hydac-international-gmbh/compacthydraulik/pdb10spez/4061896.html,80f03f03.html
HYDAC,,PDB12P-01-C-V-500-0,,3897097,"269,98",EUR,https://www.hypneu.de/shop/hydac-international-gmbh/compacthydraulik/pdb12p/3897097.html,172806e2.html
HYDAC,,PDB12PY-01-C-N-500V-0,,4151856,"413,86",EUR,https://www.hypneu.de/shop/hydac-international-gmbh/compacthydraulik/pdb12py/4151856.html,d243535b.html
HYDAC,,PDBM06020-01-C-V-350-0,,3409017,"209,91",EUR,https://www.hypneu.de/shop/hydac-international-gmbh/compacthydraulik/pdbm06020/3409017.html,d027fe7f.html
HYDAC,,PDBM06020Z-31-C-N-060V060-0,,4162472,"221,95",EUR,https://www.hypneu.de/shop/hydac-international-gmbh/compacthydraulik/pdbm06020z/4162472.html,26793543.html
HYDAC,,PDBM10120AP-01-C-N-230-0,,3761101,"253,04",EUR,https://www.hypneu.de/shop/hydac-international-gmbh/compacthydraulik/pdbm10120ap/3761101.html,0bb3dd32.html
HYDAC,,PDBM12121PFZ-08-C-N-230V230-0,,4055131,"407,15",EUR,https://www.hypneu.de/shop/hydac-international-gmbh/compacthydraulik/pdbm12121pfz/4055131.html,99e55e5a.html
HYDAC,,PDMC05S30A-53-C-N-20-12PU-5.2,,3976622,"240,90",EUR,https://www.hypneu.de/shop/hydac-international-gmbh/compacthydraulik/pdmc05s30a/3976622.html,4a7ef322.html
HYDAC,,PDR08-01-C-V-110-0,,3370726,"246,87",EUR,https://www.hypneu.de/shop/hydac-international-gmbh/compacthydraulik/pdr08-01/3370726.html,66bc8295.html
HYDAC,,PDR08-02-C-V-30-0,,3597197,"234,30",EUR,https://www.hypneu.de/shop/hydac-international-gmbh/compacthydraulik/pdr08-02/3597197.html,ec96dddc.html
HYDAC,,PDR08-11-C-N-053-0,,3144159,"276,79",EUR,https://www.hypneu.de/shop/hydac-international-gmbh/compacthydraulik/pdr08-11/3144159.html,99cac37a.html
HYDAC,,PDR08-12-C-N-100-0,,3933749,"318,44",EUR,https://www.hypneu.de/shop/hydac-international-gmbh/compacthydraulik/pdr08-12/3933749.html,b6116107.html
HYDAC,,PDR08-13-C-N-110-0,,4191553,"318,44",EUR,https://www.hypneu.de/shop/hydac-international-gmbh/compacthydraulik/pdr08-13/4191553.html,275e4de3.html
HYDAC,,PDR08-14-C-N-200-0,,4160387,"318,44",EUR,https://www.hypneu.de/shop/hydac-international-gmbh/compacthydraulik/pdr08-14/4160387.html,f4cdabec.html
HYDAC,,PDR08P-01-C-V-500-0,,3245384,"247,40",EUR,https://www.hypneu.de/shop/hydac-international-gmbh/compacthydraulik/pdr08p/3245384.html,48e9699c.html
HYDAC,,PDR08PZ-31-C-N-500V500-0,,4065611,"259,54",EUR,https://www.hypneu.de/shop/hydac-international-gmbh/compacthydraulik/pdr08pz/4065611.html,d3e55f60.html
HYDAC,,PDR08Z-02-C-V-044V044-0,,3580502,"347,83",EUR,https://www.hypneu.de/shop/hydac-international-gmbh/compacthydraulik/pdr08z/3580502.html,135ceff6.html
HYDAC,,PDR10830-01-C-V-20-0,,3840449,"333,66",EUR,https://www.hypneu.de/shop/hydac-international-gmbh/compacthydraulik/pdr10830/3840449.html,95439db9.html
HYDAC,,PDR10P-10-C-N-290-0,,3189804,"272,11",EUR,https://www.hypneu.de/shop/hydac-international-gmbh/compacthydraulik/pdr10p/3189804.html,95c25b06.html
HYDAC,,PDR10PZ-31-C-N-260V260-24PG-8.8,,4166175,"329,30",EUR,https://www.hypneu.de/shop/hydac-international-gmbh/compacthydraulik/pdr10pz/4166175.html,a74f4f1d.html
HYDAC,,PDR12P-01M-C-N-260-0,,4011968,"361,89",EUR,https://www.hypneu.de/shop/hydac-international-gmbh/compacthydraulik/pdr12p-01/4011968.html,b93e9658.html
HYDAC,,PDR16P-01-C-N-087-0,,4010820,"319,71",EUR,https://www.hypneu.de/shop/hydac-international-gmbh/compacthydraulik/pdr16p-01/4010820.html,0c941fe2.html
HYDAC,,PSRPM20330-22-C-N-08-L50-0,,4079005,"693,21",EUR,https://www.hypneu.de/shop/hydac-international-gmbh/compacthydraulik/psrpm20330/4079005.html,445c615c.html
HYDAC,,PWK06020V-01-C-N-6-0,,3515042,"179,56",EUR,https://www.hypneu.de/shop/hydac-international-gmbh/compacthydraulik/pwk06020v/3515042.html,2cd06597.html
HYDAC,,PWK06020W-01-C-N-6-12PG-4.1,,3579226,"241,01",EUR,https://www.hypneu.de/shop/hydac-international-gmbh/compacthydraulik/pwk06020w/3579226.html,e2844c81.html
HYDAC,,PWK10120V-01-C-N-20-0,,3591620,"215,56",EUR,https://www.hypneu.de/shop/hydac-international-gmbh/compacthydraulik/pwk10120v/3591620.html,161cb861.html
HYDAC,,PWK10120W-10-C-N-30-0,,3325122,"215,56",EUR,https://www.hypneu.de/shop/hydac-international-gmbh/compacthydraulik/pwk10120w/3325122.html,07fb7769.html
HYDAC,,PWK10121WS-01-C-N-20-0,,3603576,"386,70",EUR,https://www.hypneu.de/shop/hydac-international-gmbh/compacthydraulik/pwk10121ws/3603576.html,2263db39.html
HYDAC,,PWK12120WP-01-C-V-P100-0,,3538844,"811,85",EUR,https://www.hypneu.de/shop/hydac-international-gmbh/compacthydraulik/pwk12120wp/3538844.html,c0f69652.html
HYDAC,,PWS08Z-01M-C-V-20-0,,3919377,"370,94",EUR,https://www.hypneu.de/shop/hydac-international-gmbh/compacthydraulik/pws08z/3919377.html,fe34ff2e.html
HYDAC,,PWS10Z-11M-C-N-P40-24PG-18.0,,3509716,"436,22",EUR,https://www.hypneu.de/shop/hydac-international-gmbh/compacthydraulik/pws10z/3509716.html,367fa214.html
HYDAC,,PWS10ZR-11-C-N-P40-0,,3530343,"397,56",EUR,https://www.hypneu.de/shop/hydac-international-gmbh/compacthydraulik/pws10zr/3530343.html,0156fb76.html
HYDAC,,PWS12ZR-01-C-N-60-0,,4044607,"441,44",EUR,https://www.hypneu.de/shop/hydac-international-gmbh/compacthydraulik/pws12zr/4044607.html,c09ee090.html
HYDAC,,PWS16Z-01M-C-N-80-0,,3817425,"628,14",EUR,https://www.hypneu.de/shop/hydac-international-gmbh/compacthydraulik/pws16z/3817425.html,86d90bf3.html
HYDAC,,PWS16ZR-03-C-N-80-0,,3646714,"706,41",EUR,https://www.hypneu.de/shop/hydac-international-gmbh/compacthydraulik/pws16zr/3646714.html,724b3e42.html
HYDAC,,PWSM06020W-01M-C-V-15-0,,4171014,"213,75",EUR,https://www.hypneu.de/shop/hydac-international-gmbh/compacthydraulik/pwsm06020w/4171014.html,ff488f27.html
HYDAC,,RBE-R1/2-X-15,,480318,"34,19",EUR,https://www.hypneu.de/shop/hydac-international-gmbh/compacthydraulik/rbe-r-1-2/480318.html,23bc1971.html
HYDAC,,RBE-R1/4-X-22,,4162528,"32,38",EUR,https://www.hypneu.de/shop/hydac-international-gmbh/compacthydraulik/rbe-r-1-4/4162528.html,9921d1ab.html
HYDAC,,RBE-R3/4-X-40,,480328,"44,41",EUR,https://www.hypneu.de/shop/hydac-international-gmbh/compacthydraulik/rbe-r-3-4/480328.html,29be617a.html
HYDAC,,B-BM-LST-40-140-12DN,,4048494,"413,67",EUR,https://www.hypneu.de/shop/hydac-international-gmbh/compacthydraulik/rohranschlussgehause/4048494.html,f3571216.html
HYDAC,,RP08A-01-C-VS-15-4,,3010160,"141,54",EUR,https://www.hypneu.de/shop/hydac-international-gmbh/compacthydraulik/rp08a/3010160.html,98716d3c.html
HYDAC,,RP10121-01X,,710006,"168,38",EUR,https://www.hypneu.de/shop/hydac-international-gmbh/compacthydraulik/rp10121/710006.html,4635c5e3.html
HYDAC,,RP10A-01-C-V-15-4,,3010162,"132,06",EUR,https://www.hypneu.de/shop/hydac-international-gmbh/compacthydraulik/rp10a/3010162.html,9a717062.html
HYDAC,,RP10B-01-C-NS-3-30,,3735260,"143,56",EUR,https://www.hypneu.de/shop/hydac-international-gmbh/compacthydraulik/rp10b/3735260.html,9693da5d.html
HYDAC,,RP12B-01E-C-N-3-70,,4032154,"656,15",EUR,https://www.hypneu.de/shop/hydac-international-gmbh/compacthydraulik/rp12b-e/4032154.html,d35b927e.html
HYDAC,,RP16A-01-C-VS-15-4,,3010168,"236,86",EUR,https://www.hypneu.de/shop/hydac-international-gmbh/compacthydraulik/rp16a/3010168.html,a07179d4.html
HYDAC,,RP16B-01E-C-N-3-30,,4032196,"691,61",EUR,https://www.hypneu.de/shop/hydac-international-gmbh/compacthydraulik/rp16b-e/4032196.html,4151b24c.html
HYDAC,,RS08-01-C-N-4-500F300,,3104412,"180,62",EUR,https://www.hypneu.de/shop/hydac-international-gmbh/compacthydraulik/rs08/3104412.html,29fd85b4.html
HYDAC,,RSM16121E-01-C-N-3-X240V,,4057066,,EUR,https://www.hypneu.de/shop/hydac-international-gmbh/compacthydraulik/rsm16121/4057066.html,20776423.html
HYDAC,,RV06A-01-C-N-15,,2610481,"30,46",EUR,https://www.hypneu.de/shop/hydac-international-gmbh/compacthydraulik/rv06a/2610481.html,729c14df.html
HYDAC,,RV08A-01-C-V-15,,3010154,"37,81",EUR,https://www.hypneu.de/shop/hydac-international-gmbh/compacthydraulik/rv08a/3010154.html,2679088b.html
HYDAC,,RV08A-51-C-V-30,,3347937,"65,39",EUR,https://www.hypneu.de/shop/hydac-international-gmbh/compacthydraulik/rv08a-51/3347937.html,f6cc8657.html
HYDAC,,RV10A-51E-C-N-05,,3987381,"537,61",EUR,https://www.hypneu.de/shop/hydac-international-gmbh/compacthydraulik/rv10a-51/3987381.html,be8cba12.html
HYDAC,,RV12A-01E-C-N-25,,3987506,"552,74",EUR,https://www.hypneu.de/shop/hydac-international-gmbh/compacthydraulik/rv12a/3987506.html,3bc13e8d.html
HYDAC,,RV16A-01E-C-N-05,,3926014,"577,02",EUR,https://www.hypneu.de/shop/hydac-international-gmbh/compacthydraulik/rv16a/3926014.html,747b8482.html
HYDAC,,RVF-G3/8-A-01-N-2,,3764909,"51,44",EUR,https://www.hypneu.de/shop/hydac-international-gmbh/compacthydraulik/rvf/3764909.html,b8cf3bf7.html
HYDAC,,RVM06020-01-C-V-0.5,,3669253,"52,19",EUR,https://www.hypneu.de/shop/hydac-international-gmbh/compacthydraulik/rvm06020/3669253.html,25df0589.html
HYDAC,,RVM10120-51-C-V-0.5,,3771469,"93,83",EUR,https://www.hypneu.de/shop/hydac-international-gmbh/compacthydraulik/rvm10120-51/3771469.html,aa8deed8.html
HYDAC,,"SBVE08021-04-C-V-4,6-420F200     (weiß))",,3454062,"335,79",EUR,https://www.hypneu.de/shop/hydac-international-gmbh/compacthydraulik/sbve08021/3454062.html,f902dffd.html
HYDAC,,FH104-AB3 ohne Anschluss 1,,3320605,"94,68",EUR,https://www.hypneu.de/shop/hydac-international-gmbh/compacthydraulik/sonstiges/3320605.html,7e54a096.html
HYDAC,,COIL 220DG -75-3164  38W,,4251257,"157,19",EUR,https://www.hypneu.de/shop/hydac-international-gmbh/compacthydraulik/spulen/4251257.html,1c84e611.html
HYDAC,,COIL 110AG -50-2345 -S,,4244174,"122,26",EUR,https://www.hypneu.de/shop/hydac-international-gmbh/compacthydraulik/spulen-fur-elektrische-betatigung/4244174.html,ae7c8615.html
HYDAC,,SR08-01-C-V-1.8V,,3015479,"110,12",EUR,https://www.hypneu.de/shop/hydac-international-gmbh/compacthydraulik/sr08/3015479.html,b4346968.html
HYDAC,,"SR5E-01X/12,6       Q=12,6-15,9",,710313,"134,94",EUR,https://www.hypneu.de/shop/hydac-international-gmbh/compacthydraulik/sr5e/710313.html,923446e4.html
HYDAC,,"SRE1-G1/4-12X/6,5",,3467255,"61,88",EUR,https://www.hypneu.de/shop/hydac-international-gmbh/compacthydraulik/sre1/3467255.html,fc578303.html
HYDAC,,SRE2-G3/8-12X/15,,563515,"77,11",EUR,https://www.hypneu.de/shop/hydac-international-gmbh/compacthydraulik/sre2/563515.html,70ddc6e4.html
HYDAC,,"SRE3-G1/2-01X/42    Q=41,0-48,0",,717695,"98,62",EUR,https://www.hypneu.de/shop/hydac-international-gmbh/compacthydraulik/sre3/717695.html,fe88304a.html
HYDAC,,"SRE4-G3/4-01X/50    Q=50,0-54,9",,479471,"134,94",EUR,https://www.hypneu.de/shop/hydac-international-gmbh/compacthydraulik/sre4/479471.html,e254f339.html
HYDAC,,SRP08-01-C-N-1.6H,,3350148,"125,14",EUR,https://www.hypneu.de/shop/hydac-international-gmbh/compacthydraulik/srp08/3350148.html,7227e8e1.html
HYDAC,,SRPM20330-22-C-N-08-L80S,,3801444,"762,54",EUR,https://www.hypneu.de/shop/hydac-international-gmbh/compacthydraulik/srpm20330/3801444.html,dc13d21f.html
HYDAC,,HLT 2500-L2-M08-C01-0250-000 + PP,,929730,"645,66",EUR,https://www.hypneu.de/shop/hydac-international-gmbh/compacthydraulik/wk06y/929730.html,0034e339.html
HYDAC,,HRGBP 25 S1 128-136/130 F1ZN,,3976495,"13,32",EUR,https://www.hypneu.de/shop/hydac-international-gmbh/compacthydraulik/wk08w/3976495.html,704391f2.html
HYDAC,,HRRL 1L KP 3X12 PA 56/2 M6 WZ101,,268160,"10,17",EUR,https://www.hypneu.de/shop/hydac-international-gmbh/compacthydraulik/wk10d/268160.html,a86ab980.html
HYDAC,,PT-350/M/210/FB129-E,,3064501,"782,40",EUR,https://www.hypneu.de/shop/hydac-international-gmbh/compacthydraulik/wk10l/3064501.html,3d8166f0.html
HYDAC,,HDA 44C6-A-0400-EN9-H00,,930056,"546,49",EUR,https://www.hypneu.de/shop/hydac-international-gmbh/compacthydraulik/wk10w/930056.html,bcd34f3a.html
HYDAC,,OSCAF 3S/28/6.0/B/M/B/NG080/10/1/GP,,4219167,,EUR,https://www.hypneu.de/shop/hydac-international-gmbh/compacthydraulik/wk10y/4219167.html,97b9c5d3.html
HYDAC,,"HRZ 3 KP 12,7-12,7 PP",,261087,"2,34",EUR,https://www.hypneu.de/shop/hydac-international-gmbh/compacthydraulik/ws08c/261087.html,b3d1bbf5.html
HYDAC,,HRRL 2L A 6X16 PP 172/3 ST M6 ZN,,3496445,"24,67",EUR,https://www.hypneu.de/shop/hydac-international-gmbh/compacthydraulik/ws16z-01e/3496445.html,41d12e70.html
HYDAC,,CTU-1051-K-U-Z,,4695337,,EUR,https://www.hypneu.de/shop/hydac-international-gmbh/compacthydraulik/wsm03230c/4695337.html,0d3eaf0c.html
HYDAC,,ZW-DM16-70-PT-140V-N ALT: ZW-DR16-70-PT-140V-N,,4338384,"1.066,38",EUR,https://www.hypneu.de/shop/hydac-international-gmbh/compacthydraulik/zw-dr16/4338384.html,cb034034.html
HYDAC,,ZW-DM25-70-PB-070V-N ALT: ZW-DR25-70-PB-070V-N,,4338471,"1.513,26",EUR,https://www.hypneu.de/shop/hydac-international-gmbh/compacthydraulik/zw-dr25/4338471.html,be36ada5.html
HYDAC,,ZP10121-01X      Baugr. ohne Ventil,,3578215,"294,47",EUR,https://www.hypneu.de/shop/hydac-international-gmbh/compacthydraulik/zwischenplattengehause/3578215.html,11a34fba.html
HYDAC,,DB10120A-13X-29F11                     *,,3206541,"140,69",EUR,https://www.hypneu.de/shop/hydac-international-gmbh/compacthydraulik/db10120a-13x/3206541.html,8d436286.html
HYDAC,,DB10SE-02-C-N-027  @ 21 l/min,,3913141,"166,57",EUR,https://www.hypneu.de/shop/hydac-international-gmbh/compacthydraulik/db10se/3913141.html,cfcc30af.html
HYDAC,,DB16621E-10-C-V-16F,,3979709,"564,56",EUR,https://www.hypneu.de/shop/hydac-international-gmbh/compacthydraulik/db16621e/3979709.html,3e79849d.html
HYDAC,,DMM10121-12-C-N-250C,,4228641,"347,51",EUR,https://www.hypneu.de/shop/hydac-international-gmbh/compacthydraulik/dmm10121/4228641.html,933f35e6.html
HYDAC,,DR10X-01-C-S6-N-080V045,,3950325,"373,60",EUR,https://www.hypneu.de/shop/hydac-international-gmbh/compacthydraulik/dr10x/3950325.html,ffb23090.html
HYDAC,,DR12P-01-C-N-330V,,4010479,"173,28",EUR,https://www.hypneu.de/shop/hydac-international-gmbh/compacthydraulik/dr12p-01/4010479.html,24fbd6a0.html
HYDAC,,DR16P-01-C-N-090V,,4010507,"214,92",EUR,https://www.hypneu.de/shop/hydac-international-gmbh/compacthydraulik/dr16p-01/4010507.html,8f955be6.html
HYDAC,,DW16Z-01-C-N-150,,2610120,"144,52",EUR,https://www.hypneu.de/shop/hydac-international-gmbh/compacthydraulik/dw16z/2610120.html,38cf3151.html
HYDAC,,L-CEE 25 H 6 A-10/N,,4456553,"394,90",EUR,https://www.hypneu.de/shop/hydac-international-gmbh/compacthydraulik/l-cee-kegel-a/4456553.html,54609669.html
HYDAC,,L-CEE 40 H 6 B-10/N,,4457946,"1.219,32",EUR,https://www.hypneu.de/shop/hydac-international-gmbh/compacthydraulik/l-cee-kegel-b/4457946.html,4ed5d152.html
HYDAC,,L-CEE 50 H 6 CX-20/N,,4458723,"2.032,45",EUR,https://www.hypneu.de/shop/hydac-international-gmbh/compacthydraulik/l-cee-kegel-c/4458723.html,813a4b3a.html
HYDAC,,L-CEE 40 H 6 FX-29/N,,4458005,"1.601,76",EUR,https://www.hypneu.de/shop/hydac-international-gmbh/compacthydraulik/l-cee-kegel-f/4458005.html,80e675a7.html
HYDAC,,B-BM-LSTR-60-140-24DN01,,4048986,"854,92",EUR,https://www.hypneu.de/shop/hydac-international-gmbh/compacthydraulik/lueftersteuerungsbloecke/4048986.html,6176a96e.html
HYDAC,,HYFLEX WS24 D-SR-2WS-O-24DG,,3524223,,EUR,https://www.hypneu.de/shop/hydac-international-gmbh/compacthydraulik/modulare-steuerblocksysteme/3524223.html,0ae3a010.html
HYDAC,,ZW-DB10-D01-BT-350V-V,,4452022,"414,92",EUR,https://www.hypneu.de/shop/hydac-international-gmbh/compacthydraulik/zw-db10/4452022.html,731415b6.html
HYDAC,,UF-3/1.0/P/130/4/LF500/10/D,,3185261,"3.167,53",EUR,https://www.hypneu.de/shop/hydac-international-gmbh/cooling-systems/3185261.html,b738c6f9.html
HYDAC,,FZP-2/2.1/P/80/30/RV4.5,,721284,"412,61",EUR,https://www.hypneu.de/shop/hydac-international-gmbh/cooling-systems/fzp/721284.html,ef989853.html
HYDAC,,"KFZP-1+2/2.4/V/71/ 5(Keilwelle 5/8"") ALT: KFZP-1+2/2.4/V/71/ 5(Keyed shaft 5/8"")",,3507706,"436,35",EUR,https://www.hypneu.de/shop/hydac-international-gmbh/cooling-systems/kfzp/3507706.html,09836153.html
HYDAC,,MFZP-1/1.1/P/AMG/ 3.5/RV6/0.2/24V-IP65,,3157646,"739,45",EUR,https://www.hypneu.de/shop/hydac-international-gmbh/cooling-systems/mfzp/3157646.html,fa1599c7.html
HYDAC,,OK-ELD1.5H/3.1/12V/1/S,,3106405,,EUR,https://www.hypneu.de/shop/hydac-international-gmbh/cooling-systems/mobile-series-ok-eld/3106405.html,7a0c6afa.html
HYDAC,,UKF-1/1.0/P/10/0.37/610-10/MF160/10/D,,3143994,"1.560,87",EUR,https://www.hypneu.de/shop/hydac-international-gmbh/cooling-systems/ukf-1/3143994.html,9c462f72.html
HYDAC,,UKF-2/1.0/P/30/1.5/610-20/LF330/10/D,,3071497,"2.401,29",EUR,https://www.hypneu.de/shop/hydac-international-gmbh/cooling-systems/ukf-2/3071497.html,bedbdcde.html
HYDAC,,UF-3/1.0/P/130/4/LF500/10/D,,3185261,"3.167,53",EUR,https://www.hypneu.de/shop/hydac-international-gmbh/cooling-systems/ukf-3/3185261.html,b738c6f9.html
HYDAC,,VP-3/1.0/P/---/ 70,,722860,"767,62",EUR,https://www.hypneu.de/shop/hydac-international-gmbh/cooling-systems/vp/722860.html,fa2a3460.html
HYDAC,,VPB-2/1.0/P/80/30,,723444,"720,46",EUR,https://www.hypneu.de/shop/hydac-international-gmbh/cooling-systems/vpb/723444.html,e0e3e72b.html
HYDAC,,VPBM-3/1.0/P/100/100/2.2/400-50,,723010,"1.724,82",EUR,https://www.hypneu.de/shop/hydac-international-gmbh/cooling-systems/vpbm/723010.html,82233bd6.html
HYDAC,,ZBS BOB-K-080,,6127439,,EUR,https://www.hypneu.de/shop/hydac-international-gmbh/electronic/6127439.html,a9146809.html
HYDAC,,HDA 4746-A-0250-IN1-001,,925818,,EUR,https://www.hypneu.de/shop/hydac-international-gmbh/electronic/druckmessumformer/925818.html,815e5b0e.html
HYDAC,,EDS 346-3-400-001 Alternative durch HYDAC prüfen!,,907028,,EUR,https://www.hypneu.de/shop/hydac-international-gmbh/electronic/eds-300/907028.html,0cb8ab41.html
HYDAC,,"EDS 3146-F31-02,5-000-F1",,926837,"449,43",EUR,https://www.hypneu.de/shop/hydac-international-gmbh/electronic/eds-3100/926837.html,0f285d3e.html
HYDAC,,"EDS 3398-5-06,0-000-F1",,927184,"471,59",EUR,https://www.hypneu.de/shop/hydac-international-gmbh/electronic/eds-3300/927184.html,1762ed86.html
HYDAC,,EDS 34Z8-5-0400-G05-000,,926998,"550,71",EUR,https://www.hypneu.de/shop/hydac-international-gmbh/electronic/eds-3400/926998.html,f0a24a2e.html
HYDAC,,"EDS 4148-01,0-P-AN2-000-E1",,926798,"393,52",EUR,https://www.hypneu.de/shop/hydac-international-gmbh/electronic/eds-4100/926798.html,fa327010.html
HYDAC,,EDS 4348-0010-P-AN2-000-E1,,926811,"352,37",EUR,https://www.hypneu.de/shop/hydac-international-gmbh/electronic/eds-4300/926811.html,0523d052.html
HYDAC,,EDS 4479-9000-1P-DS-000(psi)72inch,,927316,"532,78",EUR,https://www.hypneu.de/shop/hydac-international-gmbh/electronic/eds-4400/927316.html,4e4a395b.html
HYDAC,,EDS 8446-2-0250-N00,,926165,"248,98",EUR,https://www.hypneu.de/shop/hydac-international-gmbh/electronic/eds-8000/926165.html,d57de622.html
HYDAC,,EDS 824-F31-0025-000,,925830,"233,16",EUR,https://www.hypneu.de/shop/hydac-international-gmbh/electronic/eds-820/925830.html,0d592744.html
HYDAC,,ENS 3116-F31-0250-000-K,,926515,"500,07",EUR,https://www.hypneu.de/shop/hydac-international-gmbh/electronic/ens-3000/926515.html,310159d1.html
HYDAC,,AC-LN7L/1.3/F/B/1/IBT45,,3964450,,EUR,https://www.hypneu.de/shop/hydac-international-gmbh/electronic/ets-320/3964450.html,09f18d40.html
HYDAC,,ETS 3226-F31-018-000,,927123,"351,32",EUR,https://www.hypneu.de/shop/hydac-international-gmbh/electronic/ets-3200/927123.html,22720961.html
HYDAC,,ETS 3866-3-000-V00,,927920,"281,69",EUR,https://www.hypneu.de/shop/hydac-international-gmbh/electronic/ets-3800/927920.html,a88b52b0.html
HYDAC,,ETS 4148-H-100-000,,925863,"420,95",EUR,https://www.hypneu.de/shop/hydac-international-gmbh/electronic/ets-4000-h-mit-hsi-sensorerkennung/925863.html,785180f0.html
HYDAC,,ETS 4145-F21-100-000,,927031,"397,74",EUR,https://www.hypneu.de/shop/hydac-international-gmbh/electronic/ets-4100/927031.html,1110dba1.html
HYDAC,,ETS 4546-A-100-030,,927745,"242,65",EUR,https://www.hypneu.de/shop/hydac-international-gmbh/electronic/ets-4500/927745.html,86c8f8c3.html
HYDAC,,ETS 7246-B-010-000 + PP,,929588,,EUR,https://www.hypneu.de/shop/hydac-international-gmbh/electronic/ets-7000/929588.html,b006ca0c.html
HYDAC,,EVS 3106-A-0060-000 + PP,,928302,,EUR,https://www.hypneu.de/shop/hydac-international-gmbh/electronic/evs-3100/928302.html,84581815.html
HYDAC,,"EY-1356-415 Versch.schalter M18x1,5",,3886877,,EUR,https://www.hypneu.de/shop/hydac-international-gmbh/electronic/ey-1356/3886877.html,d622db42.html
HYDAC,,HAT 1436-F13-360R-P01-V106-M01-S2PD-000,,926283,,EUR,https://www.hypneu.de/shop/hydac-international-gmbh/electronic/hat-1000/926283.html,4410b5ef.html
HYDAC,,"HDA 4146-A-02,5-S00-F1",,926868,"367,14",EUR,https://www.hypneu.de/shop/hydac-international-gmbh/electronic/hda-4100/926868.html,8c1c5612.html
HYDAC,,"HDA 4344-A-06,0-000-E1",,927171,"276,41",EUR,https://www.hypneu.de/shop/hydac-international-gmbh/electronic/hda-4300/927171.html,9c7e0262.html
HYDAC,,HDA 44G5-A-0600-EN1-H00,,927277,"500,07",EUR,https://www.hypneu.de/shop/hydac-international-gmbh/electronic/hda-4400/927277.html,a9cde0b5.html
HYDAC,,HDA 4745-F21-0016-000,,927032,"642,50",EUR,https://www.hypneu.de/shop/hydac-international-gmbh/electronic/hda-4700/927032.html,0e10d6e8.html
HYDAC,,HDA 4846-A-040-000,,927103,"589,75",EUR,https://www.hypneu.de/shop/hydac-international-gmbh/electronic/hda-4800/927103.html,2a769327.html
HYDAC,,HDA 74Z6-A-0025-G04-000,,927395,"346,04",EUR,https://www.hypneu.de/shop/hydac-international-gmbh/electronic/hda-7400/927395.html,bf5e72f6.html
HYDAC,,"HFS 2155-1S-00,5-01,5-7-B-1-000",,927150,"503,24",EUR,https://www.hypneu.de/shop/hydac-international-gmbh/electronic/hfs-2100/927150.html,29835d87.html
HYDAC,,HFS 2565-1S-0035-0220-6-S-1-000,,927127,"1.642,64",EUR,https://www.hypneu.de/shop/hydac-international-gmbh/electronic/hfs-2500/927127.html,26720fad.html
HYDAC,,HFT 2148-BC-0015-0045-7-B-0-000,,929250,"569,70",EUR,https://www.hypneu.de/shop/hydac-international-gmbh/electronic/hft-2100/929250.html,3b8b4a1c.html
HYDAC,,HFT 2558-BC-0010-0030-7-B-0-000,,929125,"447,32",EUR,https://www.hypneu.de/shop/hydac-international-gmbh/electronic/hft-2500/929125.html,75853199.html
HYDAC,,HFT 31B6-F21-0600-S-3-EN9-000,,926945,"4.950,06",EUR,https://www.hypneu.de/shop/hydac-international-gmbh/electronic/hft-3100/926945.html,e9af0b1c.html
HYDAC,,HIT 1508-F12-X-180-Y-90-1-000,,927042,,EUR,https://www.hypneu.de/shop/hydac-international-gmbh/electronic/hit-1000/927042.html,10040e1b.html
HYDAC,,HLT 1100-R2-K01-C01-0270-000,,923176,"645,66",EUR,https://www.hypneu.de/shop/hydac-international-gmbh/electronic/hlt-1000/923176.html,af57d1cf.html
HYDAC,,HLT 2100-R1-K02-C01-1650-000,,926925,"1.062,39",EUR,https://www.hypneu.de/shop/hydac-international-gmbh/electronic/hlt-2000/926925.html,edb38e96.html
HYDAC,,HMG 2500-000-E,,925296,"1.840,98",EUR,https://www.hypneu.de/shop/hydac-international-gmbh/electronic/hmg-2500/925296.html,6dba9db6.html
HYDAC,,HMG 4000-000-US +PP,,928396,,EUR,https://www.hypneu.de/shop/hydac-international-gmbh/electronic/hmg-4000/928396.html,8e6970f4.html
HYDAC,,HNS 3226-F31-1000-000,,927050,"528,56",EUR,https://www.hypneu.de/shop/hydac-international-gmbh/electronic/hns-3000/927050.html,0c01c938.html
HYDAC,,HNT 1128-F11-0410-000,,926999,"360,81",EUR,https://www.hypneu.de/shop/hydac-international-gmbh/electronic/hnt-1000/926999.html,f1a24bc1.html
HYDAC,,HPT 506-C-08.0-S-000,,926004,"276,41",EUR,https://www.hypneu.de/shop/hydac-international-gmbh/electronic/hpt-500/926004.html,72b883a8.html
HYDAC,,HY-eVision2 7.0-00-P-R-000000-E-000,,926054,,EUR,https://www.hypneu.de/shop/hydac-international-gmbh/electronic/hy-evision-7-0/926054.html,e8b0eea5.html
HYDAC,,ZBS 616 AK-048-3.0-1s,,927874,,EUR,https://www.hypneu.de/shop/hydac-international-gmbh/electronic/anschluss-kabel/927874.html,1d206a86.html
HYDAC,,ZBS AS-096 (Bosch)                     * ALT: ZBS AS-096 (Bosch),,6197819,,EUR,https://www.hypneu.de/shop/hydac-international-gmbh/electronic/anschluss-stecker/6197819.html,b4cab7ba.html
HYDAC,,HY-TTC 50-CP-082K-768K-0010-000,,926350,,EUR,https://www.hypneu.de/shop/hydac-international-gmbh/electronic/hy-ttc-50/926350.html,35af8ce8.html
HYDAC,,HY-TTC 510-CP-STARTERKIT,,926665,,EUR,https://www.hypneu.de/shop/hydac-international-gmbh/electronic/hy-ttc-510/926665.html,1ac9cf67.html
HYDAC,,HY-TTC 540-CD-2.3M-003M-00-S2Pd-000,,927168,,EUR,https://www.hypneu.de/shop/hydac-international-gmbh/electronic/hy-ttc-540/927168.html,9f7bc884.html
HYDAC,,HY-TTC 580-SR-STARTERKIT,,927870,,EUR,https://www.hypneu.de/shop/hydac-international-gmbh/electronic/hy-ttc-580/927870.html,212070d2.html
HYDAC,,HY-TTC 77-CP-STARTERKIT,,928995,,EUR,https://www.hypneu.de/shop/hydac-international-gmbh/electronic/hy-ttc-77/928995.html,f0ee8593.html
HYDAC,,ZBE I2-000,,927183,"397,74",EUR,https://www.hypneu.de/shop/hydac-international-gmbh/electronic/sonstiges-zubehor/927183.html,1a62f23f.html
HYDAC,,EDS 1791-N-400-200 (4 Schließer),,927823,"872,49",EUR,https://www.hypneu.de/shop/hydac-international-gmbh/electronic/eds-1700/927823.html,a02c71b2.html
HYDAC,,ZBS BOB-K-080,,6127439,,EUR,https://www.hypneu.de/shop/hydac-international-gmbh/electronic/zubehor-fur-schulungs-und-testzwecke/6127439.html,a9146809.html
HYDAC,,HDA 4748-H-0009-000,,928161,"514,84",EUR,https://www.hypneu.de/shop/hydac-international-gmbh/electronic/hda-4000-h-mit-hsi-sensorerkennung/928161.html,d3be8840.html
HYDAC,,HLT 720-K50-G04-185-000,,929614,,EUR,https://www.hypneu.de/shop/hydac-international-gmbh/electronic/hlt-700/929614.html,7acc4318.html
HYDAC,,HLB 14J8-1C000-S00,,928178,"1.216,42",EUR,https://www.hypneu.de/shop/hydac-international-gmbh/electronic/hydaclab/928178.html,e6bc6792.html
HYDAC,,HY-TTC 32-CD-00-000,,925942,,EUR,https://www.hypneu.de/shop/hydac-international-gmbh/electronic/hy-ttc-32/925942.html,898247b6.html
HYDAC,,HY-TTC 32S-CP-STARTERKIT,,926015,,EUR,https://www.hypneu.de/shop/hydac-international-gmbh/electronic/hy-ttc-32s/926015.html,77baca1e.html
HYDAC,,TTConnect Wave-02-03-000,,928200,,EUR,https://www.hypneu.de/shop/hydac-international-gmbh/electronic/ttconnect-wave/928200.html,a3c017a4.html
HYDAC,,RFN BN/HC 160 B E 10 A 1.0,,1278743,"601,77",EUR,https://www.hypneu.de/shop/hydac-international-gmbh/filter-fluid/1278743.html,4dfc3887.html
HYDAC,,DF BH/HC 330 T F 3 A 1.0,,309251,"1.654,45",EUR,https://www.hypneu.de/shop/hydac-international-gmbh/filter-fluid/df/309251.html,7341358b.html
HYDAC,,DF 660 T F XX A 1.0 /-V,,1250189,"1.132,02",EUR,https://www.hypneu.de/shop/hydac-international-gmbh/filter-fluid/df-gehause/1250189.html,a4e3add5.html
HYDAC,,DF ON 330 MHE 10 C 1.0,,1305372,"2.087,00",EUR,https://www.hypneu.de/shop/hydac-international-gmbh/filter-fluid/df-m-a/1305372.html,9ec50f6e.html
HYDAC,,DF 110 M A XX A 1.0 /-V,,1263980,"456,18",EUR,https://www.hypneu.de/shop/hydac-international-gmbh/filter-fluid/df-m-a-gehause/1263980.html,4024371c.html
HYDAC,,DF BH/HC 280 Q E 10 D 1.0 /-LED,,317810,"1.709,21",EUR,https://www.hypneu.de/shop/hydac-international-gmbh/filter-fluid/df-q-e/317810.html,38c8eabf.html
HYDAC,,DF 660 Q E XX A 1.0,,1262790,"1.125,16",EUR,https://www.hypneu.de/shop/hydac-international-gmbh/filter-fluid/df-q-e-gehause/1262790.html,6a6a41e6.html
HYDAC,,DFDK BH/HC 60 QLC 10 LZ 1.1 /-A5,,1325168,"1.998,38",EUR,https://www.hypneu.de/shop/hydac-international-gmbh/filter-fluid/dfdk/1325168.html,b3921d4d.html
HYDAC,,DFDK 280 QLF XX A 1.1 /-V,,1263896,"2.972,88",EUR,https://www.hypneu.de/shop/hydac-international-gmbh/filter-fluid/dfdk-gehause/1263896.html,3ab88ee4.html
HYDAC,,DFF ON 660 T L 5 B 1.0,,1279754,"1.699,18",EUR,https://www.hypneu.de/shop/hydac-international-gmbh/filter-fluid/dff/1279754.html,36c425d6.html
HYDAC,,DFF 140 T C XX A 1.0 /-V,,1263882,"558,62",EUR,https://www.hypneu.de/shop/hydac-international-gmbh/filter-fluid/dff-gehause/1263882.html,c0bba06d.html
HYDAC,,DFFX ON 330 TLL 10 C 1.0 /-A5-B6,,1321799,"3.399,21",EUR,https://www.hypneu.de/shop/hydac-international-gmbh/filter-fluid/dffx/1321799.html,0c7c7acb.html
HYDAC,,DFFX 990 TLL XX A 2.0 /-B6,,1308307,"5.349,69",EUR,https://www.hypneu.de/shop/hydac-international-gmbh/filter-fluid/dffx-gehause/1308307.html,8e1ac6db.html
HYDAC,,DFN BH/HC 250 S F 6 A 1.0,,319564,"1.459,38",EUR,https://www.hypneu.de/shop/hydac-international-gmbh/filter-fluid/dfn/319564.html,a115264d.html
HYDAC,,DFN 40 S B XX A 1.1 /-V,,1282751,"471,59",EUR,https://www.hypneu.de/shop/hydac-international-gmbh/filter-fluid/dfn-gehause/1282751.html,d8cb4c17.html
HYDAC,,DFP ON 240 Q C 5 BM 1.0 /-B6,,1304714,"1.369,18",EUR,https://www.hypneu.de/shop/hydac-international-gmbh/filter-fluid/dfp/1304714.html,bd96ef4f.html
HYDAC,,DFP 110 Q B XX A 1.0 /-V,,1263986,"529,19",EUR,https://www.hypneu.de/shop/hydac-international-gmbh/filter-fluid/dfp-gehause/1263986.html,3e2433f6.html
HYDAC,,DFPF ON 110 Q B 10 D 1.0 /-L24,,1323799,"1.325,50",EUR,https://www.hypneu.de/shop/hydac-international-gmbh/filter-fluid/dfpf/1323799.html,7e4b81b9.html
HYDAC,,DFPF 60 Q B XX A 1.0,,1319534,"964,27",EUR,https://www.hypneu.de/shop/hydac-international-gmbh/filter-fluid/dfpf-gehause/1319534.html,c235a511.html
HYDAC,,DFZ ON 110 Q C 3 D 1.0 /-L24,,1304065,"1.041,18",EUR,https://www.hypneu.de/shop/hydac-international-gmbh/filter-fluid/dfz/1304065.html,1f7940d6.html
HYDAC,,DFZ 30 Q B XX A 1.0 /-V-1,,1262412,"606,20",EUR,https://www.hypneu.de/shop/hydac-international-gmbh/filter-fluid/dfz-gehause/1262412.html,e808bf71.html
HYDAC,,0160 DN 020 BN4HC,,1303863,"126,92",EUR,https://www.hypneu.de/shop/hydac-international-gmbh/filter-fluid/dn-druckelemente-din/1303863.html,5b38bdd7.html
HYDAC,,ELF P 7 F 3 W 1.1 /-AS-SO148 ALT: ELF P 7 F 3 W 1.0 /-AS-SO148,,1281776,,EUR,https://www.hypneu.de/shop/hydac-international-gmbh/filter-fluid/elf/1281776.html,1c1f1f1f.html
HYDAC,,ELF 72 F XX W 1.0,,1292192,,EUR,https://www.hypneu.de/shop/hydac-international-gmbh/filter-fluid/elf-gehause/1292192.html,55083fbb.html
HYDAC,,UMSCHALTSATZ-E DFDK.330 W.0,,1261458,"825,43",EUR,https://www.hypneu.de/shop/hydac-international-gmbh/filter-fluid/ersatzteile-und-zubehor-sonstiges/1261458.html,08fec5fc.html
HYDAC,,0280 D 003 OH/PS,,1318617,,EUR,https://www.hypneu.de/shop/hydac-international-gmbh/filter-fluid/filterelemente/1318617.html,58e89186.html
HYDAC,,FLN BN/HC 250 D F 10 B 1.1 /-V,,1288692,"833,24",EUR,https://www.hypneu.de/shop/hydac-international-gmbh/filter-fluid/fln/1288692.html,d7f9693f.html
HYDAC,,FLN 160 D E XX A 1.1 /-B3.5,,1271025,"473,17",EUR,https://www.hypneu.de/shop/hydac-international-gmbh/filter-fluid/fln-gehause/1271025.html,c92a87db.html
HYDAC,,FLND W/HC 100 FDD 25 A 1.1 /-B3.5,,1324622,"1.789,07",EUR,https://www.hypneu.de/shop/hydac-international-gmbh/filter-fluid/flnd/1324622.html,b7bceca7.html
HYDAC,,FLND 400 DDF XX A 1.2 /-B7,,1281243,"1.999,86",EUR,https://www.hypneu.de/shop/hydac-international-gmbh/filter-fluid/flnd-gehause/1281243.html,3704dca0.html
HYDAC,,FMND W/HC 63 MDC 25 LZ 1.0 /-AV,,1289035,"2.450,98",EUR,https://www.hypneu.de/shop/hydac-international-gmbh/filter-fluid/fmnd/1289035.html,a3c5b1fb.html
HYDAC,,FMND 63 MDC XX A 1.0 /-B7,,1285018,"1.643,58",EUR,https://www.hypneu.de/shop/hydac-international-gmbh/filter-fluid/fmnd-gehause/1285018.html,23526442.html
HYDAC,,GERAETESTECKDOSEN-E LZ /-L110,,1320936,"139,15",EUR,https://www.hypneu.de/shop/hydac-international-gmbh/filter-fluid/geratesteckdosen/1320936.html,1f7d18d7.html
HYDAC,,HFM ON 75 S J 20 B 1.0 /-B7,,1324229,"618,87",EUR,https://www.hypneu.de/shop/hydac-international-gmbh/filter-fluid/hfm/1324229.html,74342d16.html
HYDAC,,HFM 95 S J XX A 1.0 /-B7,,1285098,"468,28",EUR,https://www.hypneu.de/shop/hydac-international-gmbh/filter-fluid/hfm-gehause/1285098.html,a33e130a.html
HYDAC,,Kopf-E DFZ....60 Q C 1.0,,316589,"626,35",EUR,https://www.hypneu.de/shop/hydac-international-gmbh/filter-fluid/kopfe/316589.html,1bbc9acb.html
HYDAC,,0005 L 003 P /-V,,315827,,EUR,https://www.hypneu.de/shop/hydac-international-gmbh/filter-fluid/l-luftfilterelemente/315827.html,5592810f.html
HYDAC,,MDF BH/HC 240 SET 3 W 1.0 /-V,,1317940,,EUR,https://www.hypneu.de/shop/hydac-international-gmbh/filter-fluid/leitungsfilter/1317940.html,464ec874.html
HYDAC,,LF ON 110 I C 3 BM 1.0,,1323779,"415,04",EUR,https://www.hypneu.de/shop/hydac-international-gmbh/filter-fluid/lf/1323779.html,7a28e92b.html
HYDAC,,LF 30 I B XX A 1.0 /-V-B3,,1290613,"201,93",EUR,https://www.hypneu.de/shop/hydac-international-gmbh/filter-fluid/lf-gehause/1290613.html,f9747933.html
HYDAC,,LFN BN/HC 100 I D 10 LZ 2.0,,1298178,"702,84",EUR,https://www.hypneu.de/shop/hydac-international-gmbh/filter-fluid/lfn/1298178.html,888c5a71.html
HYDAC,,LFN 40 I B XX A 2.0 /-B7,,1279620,"254,57",EUR,https://www.hypneu.de/shop/hydac-international-gmbh/filter-fluid/lfn-gehause/1279620.html,c63e1ed6.html
HYDAC,,LFNF BN/HC 40 I B 10 LZ 2.0 /-V-BO,,1292771,"873,01",EUR,https://www.hypneu.de/shop/hydac-international-gmbh/filter-fluid/lfnf/1292771.html,6bb07efa.html
HYDAC,,LFNF 63 I B XX A 2.0,,1276956,"319,56",EUR,https://www.hypneu.de/shop/hydac-international-gmbh/filter-fluid/lfnf-gehause/1276956.html,4d95e735.html
HYDAC,,LPF ON 260 G E 3 A 1.2 /-V,,1323478,"553,35",EUR,https://www.hypneu.de/shop/hydac-international-gmbh/filter-fluid/lpf/1323478.html,73d915dd.html
HYDAC,,LPF 35 E A XX A 1.0 /-B7,,1282839,"195,07",EUR,https://www.hypneu.de/shop/hydac-international-gmbh/filter-fluid/lpf-gehause/1282839.html,d58e6dec.html
HYDAC,,MDF ON 110 O C 10 B 1.0 /-W-B6,,1324271,"601,03",EUR,https://www.hypneu.de/shop/hydac-international-gmbh/filter-fluid/mdf/1324271.html,f03bac0f.html
HYDAC,,MDF 30 O B XX A 1.3 /-V,,1269670,"247,93",EUR,https://www.hypneu.de/shop/hydac-international-gmbh/filter-fluid/mdf-gehause/1269670.html,419d0cf4.html
HYDAC,,MF BN 80 AUC 10 E 2.0,,1286531,"217,05",EUR,https://www.hypneu.de/shop/hydac-international-gmbh/filter-fluid/mf-mfd/1286531.html,ed73405f.html
HYDAC,,MFM ON 95 O D 5 A 4.0 /-B7,,1325966,"509,92",EUR,https://www.hypneu.de/shop/hydac-international-gmbh/filter-fluid/mfm/1325966.html,4eab87ab.html
HYDAC,,MFM 75 O H XX A 4.0 /-B7,,1281373,"362,63",EUR,https://www.hypneu.de/shop/hydac-international-gmbh/filter-fluid/mfm-gehause/1281373.html,e27f01b4.html
HYDAC,,MFX BN/HC 200 G D 10 C 1.0 /-B3.5,,1296749,"474,88",EUR,https://www.hypneu.de/shop/hydac-international-gmbh/filter-fluid/mfx/1296749.html,e51ae355.html
HYDAC,,MFX 100 G D XX BF 4.0 /-A1,,1296568,"230,47",EUR,https://www.hypneu.de/shop/hydac-international-gmbh/filter-fluid/mfx-gehause/1296568.html,01c711e6.html
HYDAC,,0200 MX 010 BN4HC /-SFREE-B3.5,,1327069,"150,13",EUR,https://www.hypneu.de/shop/hydac-international-gmbh/filter-fluid/mx-elemente-fur-mfx/1327069.html,efb0eed7.html
HYDAC,,NF ON 2640 D P 10 A 2.0 /-V-B6,,1311364,"4.650,33",EUR,https://www.hypneu.de/shop/hydac-international-gmbh/filter-fluid/nf-2-3-0/1311364.html,f1ad0396.html
HYDAC,,NF 1350 D L XX A 2.1,,1275874,"2.998,20",EUR,https://www.hypneu.de/shop/hydac-international-gmbh/filter-fluid/nf-2-3-0-gehause/1275874.html,5942a4a9.html
HYDAC,,NFD ON 2640 DAP 5 A 2.0 /-B6,,1325415,"16.111,64",EUR,https://www.hypneu.de/shop/hydac-international-gmbh/filter-fluid/nfd-2-0/1325415.html,7d440d0e.html
HYDAC,,NFD 2640 DAP XX A 2.0,,1294007,"13.949,32",EUR,https://www.hypneu.de/shop/hydac-international-gmbh/filter-fluid/nfd-2-0-gehause/1294007.html,7ee57c38.html
HYDAC,,0330 R 010 P,,245602,"133,99",EUR,https://www.hypneu.de/shop/hydac-international-gmbh/filter-fluid/r-rucklaufelemente/245602.html,a554b132.html
HYDAC,,Dichtsatz-E AFLS.542 F 1.0,,1309399,"43,15",EUR,https://www.hypneu.de/shop/hydac-international-gmbh/filter-fluid/reparatur-dichtsatze/1309399.html,949205cd.html
HYDAC,,RF W/HC 2500 B U 25 D 3.0 /-L24,,1306742,,EUR,https://www.hypneu.de/shop/hydac-international-gmbh/filter-fluid/rf/1306742.html,daa5da0e.html
HYDAC,,RF 2500 B R XX A 2.0 /-V,,1269271,,EUR,https://www.hypneu.de/shop/hydac-international-gmbh/filter-fluid/rf-gehause/1269271.html,ee23d60b.html
HYDAC,,RFD ON 160 DAD 10 Y 1.0,,1273171,,EUR,https://www.hypneu.de/shop/hydac-international-gmbh/filter-fluid/rfd/1273171.html,9037c063.html
HYDAC,,RFD 1300 DAP XX A 1.1 /-V,,1251794,"7.415,91",EUR,https://www.hypneu.de/shop/hydac-international-gmbh/filter-fluid/rfd-gehause/1251794.html,021c3b9c.html
HYDAC,,RFL W/HC 1300 C R 100 D 1.0 /-L24,,1324179,,EUR,https://www.hypneu.de/shop/hydac-international-gmbh/filter-fluid/rfl-geschweisst/1324179.html,62012626.html
HYDAC,,RFL 1320 C Q XX A 1.0,,1265977,,EUR,https://www.hypneu.de/shop/hydac-international-gmbh/filter-fluid/rfl-geschweisst-gehause/1265977.html,d4851e94.html
HYDAC,,RFL W/HC 951 D R 25 D 1.0 /-L24,,1324371,"3.542,16",EUR,https://www.hypneu.de/shop/hydac-international-gmbh/filter-fluid/rfl-guss/1324371.html,93b385f4.html
HYDAC,,RFLD W/HC 1320 CAS 25 D 1.0 /-L24,,1272539,,EUR,https://www.hypneu.de/shop/hydac-international-gmbh/filter-fluid/rfld-geschweisst/1272539.html,287bd71a.html
HYDAC,,RFLD 4000 CAT XX A 1.0,,1266328,,EUR,https://www.hypneu.de/shop/hydac-international-gmbh/filter-fluid/rfld-geschweisst-gehause/1266328.html,fd55c6cd.html
HYDAC,,RFLD ON/PO 1301 DAT 5 A 1.0,,1325326,"8.896,71",EUR,https://www.hypneu.de/shop/hydac-international-gmbh/filter-fluid/rfld-guss/1325326.html,0faf003d.html
HYDAC,,RFLD 1301 DAT XX A 1.0,,1265656,"7.446,51",EUR,https://www.hypneu.de/shop/hydac-international-gmbh/filter-fluid/rfld-guss-gehause/1265656.html,33a25fb8.html
HYDAC,,RFN 160 B E XX A 1.0,,1269297,"438,67",EUR,https://www.hypneu.de/shop/hydac-international-gmbh/filter-fluid/rfn-gehause/1269297.html,641e7f9f.html
HYDAC,,2700 A 020 ON/PO,,1326810,,EUR,https://www.hypneu.de/shop/hydac-international-gmbh/filter-fluid/a-api-elemente/1326810.html,e25e45ba.html
HYDAC,,HLT 2500-F1-M08-B01-0250-000,,930009,"504,29",EUR,https://www.hypneu.de/shop/hydac-international-gmbh/filter-fluid/bde/930009.html,bbe0199a.html
HYDAC,,PT-350/M/188/FB059-E,,3043342,"782,40",EUR,https://www.hypneu.de/shop/hydac-international-gmbh/filter-fluid/rkm/3043342.html,75c1f8b6.html
HYDAC,,HDA 4346-A-0010-S00-E1,,929945,"307,01",EUR,https://www.hypneu.de/shop/hydac-international-gmbh/filter-fluid/rkm-gehause/929945.html,d8704143.html
HYDAC,,HRGBLPU 25 HEX-615 F1ZN,,3014029,"38,93",EUR,https://www.hypneu.de/shop/hydac-international-gmbh/filter-fluid/bf/3014029.html,9df6e128.html
HYDAC,,DF ON 160 M A 3 D 1.0 /-L24,,1333432,"879,98",EUR,https://www.hypneu.de/shop/hydac-international-gmbh/filter-fluid/rn-rucklaufelemente-din/1333432.html,002490c8.html
HYDAC,,BF 52 G XX W 1.0,,1271491,,EUR,https://www.hypneu.de/shop/hydac-international-gmbh/filter-fluid/bf-gehause/1271491.html,e891b250.html
HYDAC,,HRGBLPU 25 A1 151 F1ZN MONT.,,3183049,"17,59",EUR,https://www.hypneu.de/shop/hydac-international-gmbh/filter-fluid/rs-saugelemente/3183049.html,a40f947f.html
HYDAC,,"ZBE 03 Kabelbuchse Binder S714, abgew.",,609480,"20,36",EUR,https://www.hypneu.de/shop/hydac-international-gmbh/filter-fluid/d-druckelemente/609480.html,d2a2deee.html
HYDAC,,RFLD ON/PO 241 EAK 5 D 1.0 /-L24,,1332969,"2.496,13",EUR,https://www.hypneu.de/shop/hydac-international-gmbh/filter-fluid/set-versionen/1332969.html,b836c362.html
HYDAC,,ACAF-LN11L/69/1.3/D/M/B/LPF280/10/1,,3927382,,EUR,https://www.hypneu.de/shop/hydac-international-gmbh/filter-fluid/sf/3927382.html,8234fb01.html
HYDAC,,SFF W 400 W M 75 A 1.1 /-KB,,1318087,,EUR,https://www.hypneu.de/shop/hydac-international-gmbh/filter-fluid/sff/1318087.html,c200ae91.html
HYDAC,,AC-LN3S/1.3/F/A/1/IBP3,,4028964,"1.518,25",EUR,https://www.hypneu.de/shop/hydac-international-gmbh/filter-fluid/topfe/4028964.html,ba6a20cc.html
HYDAC,,OK-ELC7S/1.0/400V/1/S/IBT45,,3555586,"3.415,46",EUR,https://www.hypneu.de/shop/hydac-international-gmbh/filter-fluid/vd/3555586.html,d2ba8b1c.html
HYDAC,,DFF BH/HC 160 T E 10 LZ 1.1,,1333487,"1.266,74",EUR,https://www.hypneu.de/shop/hydac-international-gmbh/filter-fluid/vm/1333487.html,850e08d8.html
HYDAC,,DECKEL-E BF....52 W 1.0,,1283650,"254,47",EUR,https://www.hypneu.de/shop/hydac-international-gmbh/filter-fluid/deckel/1283650.html,5000a0be.html
