Omron,,E32-T61-S 5M,Оптоволоконный кабель Omron E32-T61-S 5M,E32-T61-S 5M,,,https://sensoren.ru/product/optovolokonnyy_kabel_omron_e32_t61_s_5m/,1c278de1.html
Omron,,E32-L25L 2M,Оптоволоконный кабель Omron E32-L25L 2M,E32-L25L 2M,,,https://sensoren.ru/product/optovolokonnyy_kabel_omron_e32_l25l_2m/,61a6be48.html
Omron,,E32-D15YR 2M,Оптоволоконный кабель Omron E32-D15YR 2M,E32-D15YR 2M,,,https://sensoren.ru/product/optovolokonnyy_kabel_omron_e32_d15yr_2m/,a2a25262.html
Omron,,E32-T51 2M,Оптоволоконный кабель Omron E32-T51 2M,E32-T51 2M,,,https://sensoren.ru/product/optovolokonnyy_kabel_omron_e32_t51_2m/,defade2b.html
Omron,,E32-T54 2M,Оптоволоконный кабель Omron E32-T54 2M,E32-T54 2M,,,https://sensoren.ru/product/optovolokonnyy_kabel_omron_e32_t54_2m/,b427a6ca.html
Omron,,E32-D15Y 2M,Оптоволоконный кабель Omron E32-D15Y 2M,E32-D15Y 2M,,,https://sensoren.ru/product/optovolokonnyy_kabel_omron_e32_d15y_2m/,ef0080fa.html
Omron,,E32-D61 2M,Оптоволоконный кабель Omron E32-D61 2M,E32-D61 2M,,,https://sensoren.ru/product/optovolokonnyy_kabel_omron_e32_d61_2m/,ad3ddea2.html
Omron,,E32-CC200R,Оптоволоконный кабель Omron E32-CC200R,E32-CC200R,,,https://sensoren.ru/product/optovolokonnyy_kabel_omron_e32_cc200r/,191aba16.html
Omron,,E32-LT35Z 2M,Оптоволоконный кабель Omron E32-LT35Z 2M,E32-LT35Z 2M,,,https://sensoren.ru/product/optovolokonnyy_kabel_omron_e32_lt35z_2m/,e18c9d1f.html
Omron,,E32-D24 2M,Оптоволоконный кабель Omron E32-D24 2M,E32-D24 2M,,,https://sensoren.ru/product/optovolokonnyy_kabel_omron_e32_d24_2m/,13486c17.html
Omron,,E32-T15ZR 2M,Оптоволоконный кабель Omron E32-T15ZR 2M,E32-T15ZR 2M,,,https://sensoren.ru/product/optovolokonnyy_kabel_omron_e32_t15zr_2m/,46dbe02f.html
Omron,,E32-T15Y 2M,Оптоволоконный кабель Omron E32-T15Y 2M,E32-T15Y 2M,,,https://sensoren.ru/product/optovolokonnyy_kabel_omron_e32_t15y_2m/,c213992a.html
Omron,,E32-T15YR 2M,Оптоволоконный кабель Omron E32-T15YR 2M,E32-T15YR 2M,,,https://sensoren.ru/product/optovolokonnyy_kabel_omron_e32_t15yr_2m/,82139192.html
Omron,,E32-EC31 6M,Оптоволоконный кабель Omron E32-EC31 6M,E32-EC31 6M,,,https://sensoren.ru/product/optovolokonnyy_kabel_omron_e32_ec31_6m/,89811df5.html
Omron,,E32-A04-1 2M,Оптоволоконный кабель Omron E32-A04-1 2M,E32-A04-1 2M,,,https://sensoren.ru/product/optovolokonnyy_kabel_omron_e32_a04_1_2m/,5d2c4ad2.html
Omron,,E32-D32L 2M,Оптоволоконный кабель Omron E32-D32L 2M,E32-D32L 2M,,,https://sensoren.ru/product/optovolokonnyy_kabel_omron_e32_d32l_2m/,bb510ed8.html
Omron,,E32-D15ZR 2M,Оптоволоконный кабель Omron E32-D15ZR 2M,E32-D15ZR 2M,,,https://sensoren.ru/product/optovolokonnyy_kabel_omron_e32_d15zr_2m/,676aa0ff.html
Omron,,E32-T22 2M,Оптоволоконный кабель Omron E32-T22 2M,E32-T22 2M,,,https://sensoren.ru/product/optovolokonnyy_kabel_omron_e32_t22_2m/,eadbca2d.html
Omron,,E32-D15XR 2M,Оптоволоконный кабель Omron E32-D15XR 2M,E32-D15XR 2M,,,https://sensoren.ru/product/optovolokonnyy_kabel_omron_e32_d15xr_2m/,8b236d05.html
Omron,,E32-T61-S 2M,Оптоволоконный кабель Omron E32-T61-S 2M,E32-T61-S 2M,,,https://sensoren.ru/product/optovolokonnyy_kabel_omron_e32_t61_s_2m/,fc2faa46.html
Omron,,E32-L25,Оптоволоконный кабель Omron E32-L25,E32-L25,,,https://sensoren.ru/product/optovolokonnyy_kabel_omron_e32_l25/,e3cf5611.html
Omron,,E32-T12R 2M,Оптоволоконный кабель Omron E32-T12R 2M,E32-T12R 2M,,,https://sensoren.ru/product/optovolokonnyy_kabel_omron_e32_t12r_2m/,2a7fb084.html
Omron,,E32-D51 2M,Оптоволоконный кабель Omron E32-D51 2M,E32-D51 2M,,,https://sensoren.ru/product/optovolokonnyy_kabel_omron_e32_d51_2m/,159959bb.html
Omron,,E32-T222R 2M,Оптоволоконный кабель Omron E32-T222R 2M,E32-T222R 2M,,,https://sensoren.ru/product/optovolokonnyy_kabel_omron_e32_t222r_2m/,596d71e9.html
Omron,,E32-L15 2M,Оптоволоконный кабель Omron E32-L15 2M,E32-L15 2M,,,https://sensoren.ru/product/optovolokonnyy_kabel_omron_e32_l15_2m/,8419969b.html
Omron,,E32-D331 2M,Оптоволоконный кабель Omron E32-D331 2M,E32-D331 2M,,,https://sensoren.ru/product/optovolokonnyy_kabel_omron_e32_d331_2m/,072ffcb6.html
Omron,,E32-C41 1M,Оптоволоконный кабель Omron E32-C41 1M,E32-C41 1M,,,https://sensoren.ru/product/optovolokonnyy_kabel_omron_e32_c41_1m/,adcd8e2c.html
Omron,,E32-D32 2M,Оптоволоконный кабель Omron E32-D32 2M,E32-D32 2M,,,https://sensoren.ru/product/optovolokonnyy_kabel_omron_e32_d32_2m/,32d1e53a.html
Omron,,E32-C21N 2M,Оптоволоконный кабель Omron E32-C21N 2M,E32-C21N 2M,,,https://sensoren.ru/product/optovolokonnyy_kabel_omron_e32_c21n_2m/,129a8cb7.html
Omron,,E32-C31 2M,Оптоволоконный кабель Omron E32-C31 2M,E32-C31 2M,,,https://sensoren.ru/product/optovolokonnyy_kabel_omron_e32_c31_2m/,32533fa2.html
Omron,,E32-TC200B,Оптоволоконный кабель Omron E32-TC200B,E32-TC200B,,,https://sensoren.ru/product/optovolokonnyy_kabel_omron_e32_tc200b/,fe373a31.html
Omron,,E32-DC200B 2M,Оптоволоконный кабель Omron E32-DC200B 2M,E32-DC200B 2M,,,https://sensoren.ru/product/optovolokonnyy_kabel_omron_e32_dc200b_2m/,097ac97a.html
Omron,,E32-DC200F4,Оптоволоконный кабель Omron E32-DC200F4,E32-DC200F4,,,https://sensoren.ru/product/optovolokonnyy_kabel_omron_e32_dc200f4/,580dedbb.html
Omron,,E32-T15Z 2M,Оптоволоконный кабель Omron E32-T15Z 2M,E32-T15Z 2M,,,https://sensoren.ru/product/optovolokonnyy_kabel_omron_e32_t15z_2m/,5398a2f9.html
Omron,,E32-D15Z 2M,Оптоволоконный кабель Omron E32-D15Z 2M,E32-D15Z 2M,,,https://sensoren.ru/product/optovolokonnyy_kabel_omron_e32_d15z_2m/,0084c149.html
Omron,,E32-D12 2M,Оптоволоконный кабель Omron E32-D12 2M,E32-D12 2M,,,https://sensoren.ru/product/optovolokonnyy_kabel_omron_e32_d12_2m/,4e3f3494.html
Omron,,E32-CC200 2M,Оптоволоконный кабель Omron E32-CC200 2M,E32-CC200 2M,,,https://sensoren.ru/product/optovolokonnyy_kabel_omron_e32_cc200_2m/,a89f8541.html
Omron,,E32-D22R 2M,Оптоволоконный кабель Omron E32-D22R 2M,E32-D22R 2M,,,https://sensoren.ru/product/optovolokonnyy_kabel_omron_e32_d22r_2m/,3ee074bb.html
Omron,,E32-T22S 2M,Оптоволоконный кабель Omron E32-T22S 2M,E32-T22S 2M,,,https://sensoren.ru/product/optovolokonnyy_kabel_omron_e32_t22s_2m/,0662f406.html
Omron,,E32-C11N 2M,Оптоволоконный кабель Omron E32-C11N 2M,E32-C11N 2M,,,https://sensoren.ru/product/optovolokonnyy_kabel_omron_e32_c11n_2m/,9dd18bcc.html
Omron,,E32-A03 2M,Оптоволоконный кабель Omron E32-A03 2M,E32-A03 2M,,,https://sensoren.ru/product/optovolokonnyy_kabel_omron_e32_a03_2m/,ed507dcb.html
Omron,,E32-C31N 2M,Оптоволоконный кабель Omron E32-C31N 2M,E32-C31N 2M,,,https://sensoren.ru/product/optovolokonnyy_kabel_omron_e32_c31n_2m/,707c9fae.html
Omron,,E32-D61-S 2M,Оптоволоконный кабель Omron E32-D61-S 2M,E32-D61-S 2M,,,https://sensoren.ru/product/optovolokonnyy_kabel_omron_e32_d61_s_2m/,95f63576.html
Omron,,E32-D22B 2M,Оптоволоконный кабель Omron E32-D22B 2M,E32-D22B 2M,,,https://sensoren.ru/product/optovolokonnyy_kabel_omron_e32_d22b_2m/,4181c98b.html
Omron,,E32-T14LR 2M,Оптоволоконный кабель Omron E32-T14LR 2M,E32-T14LR 2M,,,https://sensoren.ru/product/optovolokonnyy_kabel_omron_e32_t14lr_2m/,2e372a0c.html
Omron,,E32-A04 2M,Оптоволоконный кабель Omron E32-A04 2M,E32-A04 2M,,,https://sensoren.ru/product/optovolokonnyy_kabel_omron_e32_a04_2m/,a429ef1c.html
Omron,,E32-D11 2M,Оптоволоконный кабель Omron E32-D11 2M,E32-D11 2M,,,https://sensoren.ru/product/optovolokonnyy_kabel_omron_e32_d11_2m/,48b1a3c7.html
Omron,,E32-DC200B4 2M,Оптоволоконный кабель Omron E32-DC200B4 2M,E32-DC200B4 2M,,,https://sensoren.ru/product/optovolokonnyy_kabel_omron_e32_dc200b4_2m/,526af910.html
Omron,,E32-D33 2M,Оптоволоконный кабель Omron E32-D33 2M,E32-D33 2M,,,https://sensoren.ru/product/optovolokonnyy_kabel_omron_e32_d33_2m/,5be6a4bf.html
Omron,,E32-T24 2M,Оптоволоконный кабель Omron E32-T24 2M,E32-T24 2M,,,https://sensoren.ru/product/optovolokonnyy_kabel_omron_e32_t24_2m/,391ca647.html
Omron,,E32-G14,Оптоволоконный кабель Omron E32-G14,E32-G14,,,https://sensoren.ru/product/optovolokonnyy_kabel_omron_e32_g14/,bee50ba4.html
Omron,,E32-T22B 2M,Оптоволоконный кабель Omron E32-T22B 2M,E32-T22B 2M,,,https://sensoren.ru/product/optovolokonnyy_kabel_omron_e32_t22b_2m/,90af555b.html
Omron,,E32-T24S 2M,Оптоволоконный кабель Omron E32-T24S 2M,E32-T24S 2M,,,https://sensoren.ru/product/optovolokonnyy_kabel_omron_e32_t24s_2m/,ace0d120.html
Omron,,E32-D21R 2M,Оптоволоконный кабель Omron E32-D21R 2M,E32-D21R 2M,,,https://sensoren.ru/product/optovolokonnyy_kabel_omron_e32_d21r_2m/,7a18261e.html
Omron,,E32-D11L 5M,Оптоволоконный кабель Omron E32-D11L 5M,E32-D11L 5M,,,https://sensoren.ru/product/optovolokonnyy_kabel_omron_e32_d11l_5m/,f322b5c0.html
Omron,,E32-D14L 2M,Оптоволоконный кабель Omron E32-D14L 2M,E32-D14L 2M,,,https://sensoren.ru/product/optovolokonnyy_kabel_omron_e32_d14l_2m/,ea5fb9ec.html
Omron,,E32-T14 5M,Оптоволоконный кабель Omron E32-T14 5M,E32-T14 5M,,,https://sensoren.ru/product/optovolokonnyy_kabel_omron_e32_t14_5m/,5294d7c9.html
Omron,,E32-DC200F,Оптоволоконный кабель Omron E32-DC200F,E32-DC200F,,,https://sensoren.ru/product/optovolokonnyy_kabel_omron_e32_dc200f/,98889c0d.html
Omron,,E32-C91N 2M,Оптоволоконный кабель Omron E32-C91N 2M,E32-C91N 2M,,,https://sensoren.ru/product/optovolokonnyy_kabel_omron_e32_c91n_2m/,f6a17d14.html
Omron,,E32-D21 2M,Оптоволоконный кабель Omron E32-D21 2M,E32-D21 2M,,,https://sensoren.ru/product/optovolokonnyy_kabel_omron_e32_d21_2m/,6077fb6e.html
Omron,,E32-D11N 2M,Оптоволоконный кабель Omron E32-D11N 2M,E32-D11N 2M,,,https://sensoren.ru/product/optovolokonnyy_kabel_omron_e32_d11n_2m/,69647c69.html
Omron,,E32-T12L 2M,Оптоволоконный кабель Omron E32-T12L 2M,E32-T12L 2M,,,https://sensoren.ru/product/optovolokonnyy_kabel_omron_e32_t12l_2m/,1f55b7f6.html
Omron,,E32-D21B 2M,Оптоволоконный кабель Omron E32-D21B 2M,E32-D21B 2M,,,https://sensoren.ru/product/optovolokonnyy_kabel_omron_e32_d21b_2m/,7df6af6e.html
Omron,,E32-T11R 2M,Оптоволоконный кабель Omron E32-T11R 2M,E32-T11R 2M,,,https://sensoren.ru/product/optovolokonnyy_kabel_omron_e32_t11r_2m/,b7c02cad.html
Omron,,E32-LT11N 2M,Оптоволоконный кабель Omron E32-LT11N 2M,E32-LT11N 2M,,,https://sensoren.ru/product/optovolokonnyy_kabel_omron_e32_lt11n_2m/,10c7a76d.html
Omron,,E32-T11L 5M,Оптоволоконный кабель Omron E32-T11L 5M,E32-T11L 5M,,,https://sensoren.ru/product/optovolokonnyy_kabel_omron_e32_t11l_5m/,6eab9690.html
Omron,,E32-D24R 2M,Оптоволоконный кабель Omron E32-D24R 2M,E32-D24R 2M,,,https://sensoren.ru/product/optovolokonnyy_kabel_omron_e32_d24r_2m/,96eebf4d.html
Omron,,E32-TC200F,Оптоволоконный кабель Omron E32-TC200F,E32-TC200F,,,https://sensoren.ru/product/optovolokonnyy_kabel_omron_e32_tc200f/,0237407d.html
Omron,,E32-T21L 2M,Оптоволоконный кабель Omron E32-T21L 2M,E32-T21L 2M,,,https://sensoren.ru/product/optovolokonnyy_kabel_omron_e32_t21l_2m/,e2d4a96c.html
Omron,,E32-D22L 2M,Оптоволоконный кабель Omron E32-D22L 2M,E32-D22L 2M,,,https://sensoren.ru/product/optovolokonnyy_kabel_omron_e32_d22l_2m/,380ef121.html
Omron,,E32-LR11NP 2M,Оптоволоконный кабель Omron E32-LR11NP 2M,E32-LR11NP 2M,,,https://sensoren.ru/product/optovolokonnyy_kabel_omron_e32_lr11np_2m/,d8491dab.html
Omron,,E32-T14L 2M,Оптоволоконный кабель Omron E32-T14L 2M,E32-T14L 2M,,,https://sensoren.ru/product/optovolokonnyy_kabel_omron_e32_t14l_2m/,ac3bc7fc.html
Omron,,E32-TC500 5M,Оптоволоконный кабель Omron E32-TC500 5M,E32-TC500 5M,,,https://sensoren.ru/product/optovolokonnyy_kabel_omron_e32_tc500_5m/,3a06d7f2.html
Omron,,E32-T11L 2M,Оптоволоконный кабель Omron E32-T11L 2M,E32-T11L 2M,,,https://sensoren.ru/product/optovolokonnyy_kabel_omron_e32_t11l_2m/,6e9a4d6f.html
Omron,,E32-ET34 2M,Оптоволоконный кабель Omron E32-ET34 2M,E32-ET34 2M,,,https://sensoren.ru/product/optovolokonnyy_kabel_omron_e32_et34_2m/,1ae6bd63.html
Omron,,E32-T11 2M,Оптоволоконный кабель Omron E32-T11 2M,E32-T11 2M,,,https://sensoren.ru/product/optovolokonnyy_kabel_omron_e32_t11_2m/,12132837.html
Omron,,E32-T21R 2M,Оптоволоконный кабель Omron E32-T21R 2M,E32-T21R 2M,,,https://sensoren.ru/product/optovolokonnyy_kabel_omron_e32_t21r_2m/,ef5f100e.html
Omron,,E32-LD11R 2M,Оптоволоконный кабель Omron E32-LD11R 2M,E32-LD11R 2M,,,https://sensoren.ru/product/optovolokonnyy_kabel_omron_e32_ld11r_2m/,671078a9.html
Omron,,E32-TC200E 2M,Оптоволоконный кабель Omron E32-TC200E 2M,E32-TC200E 2M,,,https://sensoren.ru/product/optovolokonnyy_kabel_omron_e32_tc200e_2m/,13c3dc95.html
Omron,,E32-T21 2M,Оптоволоконный кабель Omron E32-T21 2M,E32-T21 2M,,,https://sensoren.ru/product/optovolokonnyy_kabel_omron_e32_t21_2m/,f9a5db1e.html
Omron,,E32-T11N 2M,Оптоволоконный кабель Omron E32-T11N 2M,E32-T11N 2M,,,https://sensoren.ru/product/optovolokonnyy_kabel_omron_e32_t11n_2m/,64ee26b9.html
Omron,,E32-LT11 2M,Оптоволоконный кабель Omron E32-LT11 2M,E32-LT11 2M,,,https://sensoren.ru/product/optovolokonnyy_kabel_omron_e32_lt11_2m/,32304d5b.html
Omron,,E32-DC200C,Оптоволоконный кабель Omron E32-DC200C,E32-DC200C,,,https://sensoren.ru/product/optovolokonnyy_kabel_omron_e32_dc200c/,9388942e.html
Omron,,E32-D14LR 2M,Оптоволоконный кабель Omron E32-D14LR 2M,E32-D14LR 2M,,,https://sensoren.ru/product/optovolokonnyy_kabel_omron_e32_d14lr_2m/,fb7f483c.html
Omron,,E32-D11L 2M,Оптоволоконный кабель Omron E32-D11L 2M,E32-D11L 2M,,,https://sensoren.ru/product/optovolokonnyy_kabel_omron_e32_d11l_2m/,f3116c9f.html
Omron,,E32-DC200,Оптоволоконный кабель Omron E32-DC200,E32-DC200,,,https://sensoren.ru/product/optovolokonnyy_kabel_omron_e32_dc200/,6d15ef99.html
Omron,,E32-TC200A 2M,Оптоволоконный кабель Omron E32-TC200A 2M,E32-TC200A 2M,,,https://sensoren.ru/product/optovolokonnyy_kabel_omron_e32_tc200a_2m/,92049b39.html
Omron,,E32-LD11N 2M,Оптоволоконный кабель Omron E32-LD11N 2M,E32-LD11N 2M,,,https://sensoren.ru/product/optovolokonnyy_kabel_omron_e32_ld11n_2m/,fb4b9a7d.html
Omron,,E32-D21N 2M,Оптоволоконный кабель Omron E32-D21N 2M,E32-D21N 2M,,,https://sensoren.ru/product/optovolokonnyy_kabel_omron_e32_d21n_2m/,86f7056a.html
Omron,,E32-DC200E 2M,Оптоволоконный кабель Omron E32-DC200E 2M,E32-DC200E 2M,,,https://sensoren.ru/product/optovolokonnyy_kabel_omron_e32_dc200e_2m/,e44eace5.html
Omron,,E32-D11R 2M,Оптоволоконный кабель Omron E32-D11R 2M,E32-D11R 2M,,,https://sensoren.ru/product/optovolokonnyy_kabel_omron_e32_d11r_2m/,fda1313d.html
Omron,,E32-TC200 2M,Оптоволоконный кабель Omron E32-TC200 2M,E32-TC200 2M,,,https://sensoren.ru/product/optovolokonnyy_kabel_omron_e32_tc200_2m/,3ea0fc62.html
Omron,,E32-LT11R 2M,Оптоволоконный кабель Omron E32-LT11R 2M,E32-LT11R 2M,,,https://sensoren.ru/product/optovolokonnyy_kabel_omron_e32_lt11r_2m/,bdf5a179.html
Omron,,E32-DC500 5M,Оптоволоконный кабель Omron E32-DC500 5M,E32-DC500 5M,,,https://sensoren.ru/product/optovolokonnyy_kabel_omron_e32_dc500_5m/,5e23be62.html
Omron,,E32-DC1000,Оптоволоконный кабель Omron E32-DC1000,E32-DC1000,,,https://sensoren.ru/product/optovolokonnyy_kabel_omron_e32_dc1000/,32032518.html
Omron,,E32-LD11 2M,Оптоволоконный кабель Omron E32-LD11 2M,E32-LD11 2M,,,https://sensoren.ru/product/optovolokonnyy_kabel_omron_e32_ld11_2m/,3e0e424b.html
Omron,,E32-D211 2M,Оптоволоконный кабель Omron E32-D211 2M,E32-D211 2M,,,https://sensoren.ru/product/optovolokonnyy_kabel_omron_e32_d211_2m/,37c7becd.html
Omron,,E32-R21 2M,Оптоволоконный кабель Omron E32-R21 2M,E32-R21 2M,,,https://sensoren.ru/product/optovolokonnyy_kabel_omron_e32_r21_2m/,fecb8f24.html
Omron,,E32-T14 2M,Оптоволоконный кабель Omron E32-T14 2M,E32-T14 2M,,,https://sensoren.ru/product/optovolokonnyy_kabel_omron_e32_t14_2m/,529d268e.html
Omron,,E32-D21L 2M,Оптоволоконный кабель Omron E32-D21L 2M,E32-D21L 2M,,,https://sensoren.ru/product/optovolokonnyy_kabel_omron_e32_d21l_2m/,67680c9c.html
Omron,,E32-T11N 5M,Оптоволоконный кабель Omron E32-T11N 5M,E32-T11N 5M,,,https://sensoren.ru/product/optovolokonnyy_kabel_omron_e32_t11n_5m/,64f6757e.html
Omron,,E32-D211R 2M,Оптоволоконный кабель Omron E32-D211R 2M,E32-D211R 2M,,,https://sensoren.ru/product/optovolokonnyy_kabel_omron_e32_d211r_2m/,ec90a90b.html
Omron,,E3Z-LL61 2M,Оптический датчик Omron E3Z-LL61 2M,E3Z-LL61 2M,28654,RUB,https://sensoren.ru/product/opticheskiy_datchik_omron_e3z_ll61_2m/,4a5bc7ee.html
Omron,,E3ZM-CL89H,Оптический датчик Omron E3ZM-CL89H,E3ZM-CL89H,,,https://sensoren.ru/product/opticheskiy_datchik_omron_e3zm_cl89h/,cbf9513d.html
Omron,,E3JK-DN11 2M,Оптический датчик Omron E3JK-DN11 2M,E3JK-DN11 2M,,,https://sensoren.ru/product/opticheskiy_datchik_omron_e3jk_dn11_2m/,fb30490e.html
Omron,,E3ZM-CL86H,Оптический датчик Omron E3ZM-CL86H,E3ZM-CL86H,,,https://sensoren.ru/product/opticheskiy_datchik_omron_e3zm_cl86h/,a9dd453a.html
Omron,,E3S-CL2-M1J 0.3M,Оптический датчик Omron E3S-CL2-M1J 0.3M,E3S-CL2-M1J 0.3M,,,https://sensoren.ru/product/opticheskiy_datchik_omron_e3s_cl2_m1j_0_3m/,a98b513d.html
Omron,,E3JM-DS70R4-G,Оптический датчик Omron E3JM-DS70R4-G,E3JM-DS70R4-G,,,https://sensoren.ru/product/opticheskiy_datchik_omron_e3jm_ds70r4_g/,183d103f.html
Omron,,E3ZM-CD82 2M,Оптический датчик Omron E3ZM-CD82 2M,E3ZM-CD82 2M,,,https://sensoren.ru/product/opticheskiy_datchik_omron_e3zm_cd82_2m/,61065a1b.html
Omron,,E3FC-LP22,Оптический датчик Omron E3FC-LP22,E3FC-LP22,,,https://sensoren.ru/product/opticheskiy_datchik_omron_e3fc_lp22/,f6be1891.html
Omron,,E3ZM-CD62 2M,Оптический датчик Omron E3ZM-CD62 2M,E3ZM-CD62 2M,,,https://sensoren.ru/product/opticheskiy_datchik_omron_e3zm_cd62_2m/,177f9e55.html
Omron,,E3Z-LL68,Оптический датчик Omron E3Z-LL68,E3Z-LL68,,,https://sensoren.ru/product/opticheskiy_datchik_omron_e3z_ll68/,5b48946a.html
Omron,,E3H2-DS10B4M 2M,Оптический датчик Omron E3H2-DS10B4M 2M,E3H2-DS10B4M 2M,,,https://sensoren.ru/product/opticheskiy_datchik_omron_e3h2_ds10b4m_2m/,2d8c702c.html
Omron,,E3FC-DN22,Оптический датчик Omron E3FC-DN22,E3FC-DN22,,,https://sensoren.ru/product/opticheskiy_datchik_omron_e3fc_dn22/,bd5efff7.html
Omron,,E3H2-DS30B4M-M1,Оптический датчик Omron E3H2-DS30B4M-M1,E3H2-DS30B4M-M1,,,https://sensoren.ru/product/opticheskiy_datchik_omron_e3h2_ds30b4m_m1/,68dbd446.html
Omron,,E3T-FL13 2M,Оптический датчик Omron E3T-FL13 2M,E3T-FL13 2M,,,https://sensoren.ru/product/opticheskiy_datchik_omron_e3t_fl13_2m/,a6a6b48d.html
Omron,,E3F1-DP22,Оптический датчик Omron E3F1-DP22,E3F1-DP22,,,https://sensoren.ru/product/opticheskiy_datchik_omron_e3f1_dp22/,30f64d97.html
Omron,,E3H2-DS30C4M-M1,Оптический датчик Omron E3H2-DS30C4M-M1,E3H2-DS30C4M-M1,,,https://sensoren.ru/product/opticheskiy_datchik_omron_e3h2_ds30c4m_m1/,fa0a7daf.html
Omron,,E3JK-DP13 2M,Оптический датчик Omron E3JK-DP13 2M,E3JK-DP13 2M,,,https://sensoren.ru/product/opticheskiy_datchik_omron_e3jk_dp13_2m/,9edad25e.html
Omron,,E3ZM-CL84H 2M,Оптический датчик Omron E3ZM-CL84H 2M,E3ZM-CL84H 2M,,,https://sensoren.ru/product/opticheskiy_datchik_omron_e3zm_cl84h_2m/,c67d8ae9.html
Omron,,E3ZM-CL81H 2M,Оптический датчик Omron E3ZM-CL81H 2M,E3ZM-CL81H 2M,,,https://sensoren.ru/product/opticheskiy_datchik_omron_e3zm_cl81h_2m/,54032f0e.html
Omron,,E3FC-LP21,Оптический датчик Omron E3FC-LP21,E3FC-LP21,,,https://sensoren.ru/product/opticheskiy_datchik_omron_e3fc_lp21/,f3be13d8.html
Omron,,E3ZM-LS81H 2M,Оптический датчик Omron E3ZM-LS81H 2M,E3ZM-LS81H 2M,,,https://sensoren.ru/product/opticheskiy_datchik_omron_e3zm_ls81h_2m/,fcae66a8.html
Omron,,E3S-CL2 2M,Оптический датчик Omron E3S-CL2 2M,E3S-CL2 2M,,,https://sensoren.ru/product/opticheskiy_datchik_omron_e3s_cl2_2m/,7c658c8d.html
Omron,,E3Z-D87-IL2,Оптический датчик Omron E3Z-D87-IL2,E3Z-D87-IL2,,,https://sensoren.ru/product/opticheskiy_datchik_omron_e3z_d87_il2/,339002ad.html
Omron,,E3H2-DS10B4M-M1,Оптический датчик Omron E3H2-DS10B4M-M1,E3H2-DS10B4M-M1,,,https://sensoren.ru/product/opticheskiy_datchik_omron_e3h2_ds10b4m_m1/,c8afc2c4.html
Omron,,E3JM-DS70M4-G,Оптический датчик Omron E3JM-DS70M4-G,E3JM-DS70M4-G,,,https://sensoren.ru/product/opticheskiy_datchik_omron_e3jm_ds70m4_g/,f4a6c02c.html
Omron,,E3JM-DS70M4,Оптический датчик Omron E3JM-DS70M4,E3JM-DS70M4,,,https://sensoren.ru/product/opticheskiy_datchik_omron_e3jm_ds70m4/,0164e35c.html
Omron,,E3T-FL24 2M,Оптический датчик Omron E3T-FL24 2M,E3T-FL24 2M,,,https://sensoren.ru/product/opticheskiy_datchik_omron_e3t_fl24_2m/,b29de6ab.html
Omron,,E3FC-DP12 2M,Оптический датчик Omron E3FC-DP12 2M,E3FC-DP12 2M,,,https://sensoren.ru/product/opticheskiy_datchik_omron_e3fc_dp12_2m/,b220ccbf.html
Omron,,E3T-FD11 2M,Оптический датчик Omron E3T-FD11 2M,E3T-FD11 2M,,,https://sensoren.ru/product/opticheskiy_datchik_omron_e3t_fd11_2m/,f326d65b.html
Omron,,E3T-SL14 2M,Оптический датчик Omron E3T-SL14 2M,E3T-SL14 2M,,,https://sensoren.ru/product/opticheskiy_datchik_omron_e3t_sl14_2m/,079921bd.html
Omron,,E3F1-DP12 2M,Оптический датчик Omron E3F1-DP12 2M,E3F1-DP12 2M,,,https://sensoren.ru/product/opticheskiy_datchik_omron_e3f1_dp12_2m/,a15e2e81.html
Omron,,E3Z-LL83-M1J 0.3M,Оптический датчик Omron E3Z-LL83-M1J 0.3M,E3Z-LL83-M1J 0.3M,,,https://sensoren.ru/product/opticheskiy_datchik_omron_e3z_ll83_m1j_0_3m/,1024f3e2.html
Omron,,E3ZM-LS84H 5M,Оптический датчик Omron E3ZM-LS84H 5M,E3ZM-LS84H 5M,,,https://sensoren.ru/product/opticheskiy_datchik_omron_e3zm_ls84h_5m/,c1d127a4.html
Omron,,E3JK-DR13 2M,Оптический датчик Omron E3JK-DR13 2M,E3JK-DR13 2M,,,https://sensoren.ru/product/opticheskiy_datchik_omron_e3jk_dr13_2m/,cbbcdf84.html
Omron,,E3H2-DS30B4M 2M,Оптический датчик Omron E3H2-DS30B4M 2M,E3H2-DS30B4M 2M,,,https://sensoren.ru/product/opticheskiy_datchik_omron_e3h2_ds30b4m_2m/,44ada6e2.html
Omron,,E3S-CL2 5M,Оптический датчик Omron E3S-CL2 5M,E3S-CL2 5M,,,https://sensoren.ru/product/opticheskiy_datchik_omron_e3s_cl2_5m/,bc59255a.html
Omron,,E3JK-DR11 2M,Оптический датчик Omron E3JK-DR11 2M,E3JK-DR11 2M,,,https://sensoren.ru/product/opticheskiy_datchik_omron_e3jk_dr11_2m/,ca0e7172.html
Omron,,E3Z-LL81-M3J 0.3M,Оптический датчик Omron E3Z-LL81-M3J 0.3M,E3Z-LL81-M3J 0.3M,,,https://sensoren.ru/product/opticheskiy_datchik_omron_e3z_ll81_m3j_0_3m/,fa6cec8e.html
Omron,,E3FC-DP23,Оптический датчик Omron E3FC-DP23,E3FC-DP23,,,https://sensoren.ru/product/opticheskiy_datchik_omron_e3fc_dp23/,b220a196.html
Omron,,E3JK-DR12 2M,Оптический датчик Omron E3JK-DR12 2M,E3JK-DR12 2M,,,https://sensoren.ru/product/opticheskiy_datchik_omron_e3jk_dr12_2m/,f4f1fcc1.html
Omron,,E3S-CL1 2M,Оптический датчик Omron E3S-CL1 2M,E3S-CL1 2M,,,https://sensoren.ru/product/opticheskiy_datchik_omron_e3s_cl1_2m/,8b2f9d7e.html
Omron,,E3Z-LL81 2M,Оптический датчик Omron E3Z-LL81 2M,E3Z-LL81 2M,,,https://sensoren.ru/product/opticheskiy_datchik_omron_e3z_ll81_2m/,d53e7ca0.html
Omron,,E3JK-DP12 2M,Оптический датчик Omron E3JK-DP12 2M,E3JK-DP12 2M,,,https://sensoren.ru/product/opticheskiy_datchik_omron_e3jk_dp12_2m/,c14d1783.html
Omron,,E3F1-DP21,Оптический датчик Omron E3F1-DP21,E3F1-DP21,,,https://sensoren.ru/product/opticheskiy_datchik_omron_e3f1_dp21/,31f64f2a.html
Omron,,E3T-SL13-M5J 0.3M,Оптический датчик Omron E3T-SL13-M5J 0.3M,E3T-SL13-M5J 0.3M,,,https://sensoren.ru/product/opticheskiy_datchik_omron_e3t_sl13_m5j_0_3m/,8c22d3da.html
Omron,,E3S-CL1-M1J 0.3M,Оптический датчик Omron E3S-CL1-M1J 0.3M,E3S-CL1-M1J 0.3M,,,https://sensoren.ru/product/opticheskiy_datchik_omron_e3s_cl1_m1j_0_3m/,5fc20db2.html
Omron,,E3T-FD13-M5J 0.3M,Оптический датчик Omron E3T-FD13-M5J 0.3M,E3T-FD13-M5J 0.3M,,,https://sensoren.ru/product/opticheskiy_datchik_omron_e3t_fd13_m5j_0_3m/,02450d91.html
Omron,,E3Z-LL88,Оптический датчик Omron E3Z-LL88,E3Z-LL88,,,https://sensoren.ru/product/opticheskiy_datchik_omron_e3z_ll88/,d7615c84.html
Omron,,E3Z-LS86,Оптический датчик Omron E3Z-LS86,E3Z-LS86,,,https://sensoren.ru/product/opticheskiy_datchik_omron_e3z_ls86/,4988c5ef.html
Omron,,E3F1-DP11 2M,Оптический датчик Omron E3F1-DP11 2M,E3F1-DP11 2M,,,https://sensoren.ru/product/opticheskiy_datchik_omron_e3f1_dp11_2m/,767c3632.html
Omron,,E3ZM-LS87H,Оптический датчик Omron E3ZM-LS87H,E3ZM-LS87H,,,https://sensoren.ru/product/opticheskiy_datchik_omron_e3zm_ls87h/,94356311.html
Omron,,E3T-FD13 2M,Оптический датчик Omron E3T-FD13 2M,E3T-FD13 2M,,,https://sensoren.ru/product/opticheskiy_datchik_omron_e3t_fd13_2m/,dcd51ea5.html
Omron,,E3FC-DP22,Оптический датчик Omron E3FC-DP22,E3FC-DP22,,,https://sensoren.ru/product/opticheskiy_datchik_omron_e3fc_dp22/,b320a329.html
Omron,,E3Z-LS61 2M,Оптический датчик Omron E3Z-LS61 2M,E3Z-LS61 2M,,,https://sensoren.ru/product/opticheskiy_datchik_omron_e3z_ls61_2m/,5c8b4145.html
Omron,,E3ZM-D67,Оптический датчик Omron E3ZM-D67,E3ZM-D67,,,https://sensoren.ru/product/opticheskiy_datchik_omron_e3zm_d67/,3ec8894a.html
Omron,,E3T-SL11 2M,Оптический датчик Omron E3T-SL11 2M,E3T-SL11 2M,,,https://sensoren.ru/product/opticheskiy_datchik_omron_e3t_sl11_2m/,951397e4.html
Omron,,E3ZM-LS86X,Оптический датчик Omron E3ZM-LS86X,E3ZM-LS86X,,,https://sensoren.ru/product/opticheskiy_datchik_omron_e3zm_ls86x/,de3205f8.html
Omron,,E3ZM-LS89H,Оптический датчик Omron E3ZM-LS89H,E3ZM-LS89H,,,https://sensoren.ru/product/opticheskiy_datchik_omron_e3zm_ls89h/,9857fb9f.html
Omron,,E3F1-DN12 2M,Оптический датчик Omron E3F1-DN12 2M,E3F1-DN12 2M,,,https://sensoren.ru/product/opticheskiy_datchik_omron_e3f1_dn12_2m/,918a6c9f.html
Omron,,E3Z-LL81 5M,Оптический датчик Omron E3Z-LL81 5M,E3Z-LL81 5M,,,https://sensoren.ru/product/opticheskiy_datchik_omron_e3z_ll81_5m/,d52d337f.html
Omron,,E3Z-LL86,Оптический датчик Omron E3Z-LL86,E3Z-LL86,,,https://sensoren.ru/product/opticheskiy_datchik_omron_e3z_ll86/,cd614cc6.html
Omron,,E3FC-DP26,Оптический датчик Omron E3FC-DP26,E3FC-DP26,,,https://sensoren.ru/product/opticheskiy_datchik_omron_e3fc_dp26/,b720a975.html
Omron,,E3Z-D67,Оптический датчик Omron E3Z-D67,E3Z-D67,,,https://sensoren.ru/product/opticheskiy_datchik_omron_e3z_d67/,e7e308a7.html
Omron,,E3T-SL24 2M,Оптический датчик Omron E3T-SL24 2M,E3T-SL24 2M,,,https://sensoren.ru/product/opticheskiy_datchik_omron_e3t_sl24_2m/,10c2d4a8.html
Omron,,E3ZM-LS89X,Оптический датчик Omron E3ZM-LS89X,E3ZM-LS89X,,,https://sensoren.ru/product/opticheskiy_datchik_omron_e3zm_ls89x/,a85814cf.html
Omron,,E3ZM-LS84H 2M,Оптический датчик Omron E3ZM-LS84H 2M,E3ZM-LS84H 2M,,,https://sensoren.ru/product/opticheskiy_datchik_omron_e3zm_ls84h_2m/,e1d3989b.html
Omron,,E3F1-DN11 2M,Оптический датчик Omron E3F1-DN11 2M,E3F1-DN11 2M,,,https://sensoren.ru/product/opticheskiy_datchik_omron_e3f1_dn11_2m/,9e59db8c.html
Omron,,E3Z-LS81-M1J 0.3M,Оптический датчик Omron E3Z-LS81-M1J 0.3M,E3Z-LS81-M1J 0.3M,,,https://sensoren.ru/product/opticheskiy_datchik_omron_e3z_ls81_m1j_0_3m/,31d0cc5f.html
Omron,,E3Z-LS81 2M,Оптический датчик Omron E3Z-LS81 2M,E3Z-LS81 2M,,,https://sensoren.ru/product/opticheskiy_datchik_omron_e3z_ls81_2m/,b7aad147.html
Omron,,E3Z-LL83 2M,Оптический датчик Omron E3Z-LL83 2M,E3Z-LL83 2M,,,https://sensoren.ru/product/opticheskiy_datchik_omron_e3z_ll83_2m/,2d3ddd2e.html
Omron,,E3T-SL13 2M,Оптический датчик Omron E3T-SL13 2M,E3T-SL13 2M,,,https://sensoren.ru/product/opticheskiy_datchik_omron_e3t_sl13_2m/,86bf98d2.html
Omron,,E3ZM-D87,Оптический датчик Omron E3ZM-D87,E3ZM-D87,,,https://sensoren.ru/product/opticheskiy_datchik_omron_e3zm_d87/,aee13e80.html
Omron,,E3T-SL24 5M,Оптический датчик Omron E3T-SL24 5M,E3T-SL24 5M,,,https://sensoren.ru/product/opticheskiy_datchik_omron_e3t_sl24_5m/,10b18b87.html
Omron,,E3F1-DP22-10,Оптический датчик Omron E3F1-DP22-10,E3F1-DP22-10,,,https://sensoren.ru/product/opticheskiy_datchik_omron_e3f1_dp22_10/,a8172867.html
Omron,,E3Z-D81 2M,Оптический датчик Omron E3Z-D81 2M,E3Z-D81 2M,,,https://sensoren.ru/product/opticheskiy_datchik_omron_e3z_d81_2m/,bd1e9474.html
Omron,,E3ZM-D82-S1J 0.3M,Оптический датчик Omron E3ZM-D82-S1J 0.3M,E3ZM-D82-S1J 0.3M,,,https://sensoren.ru/product/opticheskiy_datchik_omron_e3zm_d82_s1j_0_3m/,3a2b2212.html
Omron,,E3T-FL21 2M,Оптический датчик Omron E3T-FL21 2M,E3T-FL21 2M,,,https://sensoren.ru/product/opticheskiy_datchik_omron_e3t_fl21_2m/,87caaf4a.html
Omron,,E3T-FD14 2M,Оптический датчик Omron E3T-FD14 2M,E3T-FD14 2M,,,https://sensoren.ru/product/opticheskiy_datchik_omron_e3t_fd14_2m/,01ffa83a.html
Omron,,E3T-SL23 2M,Оптический датчик Omron E3T-SL23 2M,E3T-SL23 2M,,,https://sensoren.ru/product/opticheskiy_datchik_omron_e3t_sl23_2m/,8234245f.html
Omron,,E3ZM-D82 2M,Оптический датчик Omron E3ZM-D82 2M,E3ZM-D82 2M,,,https://sensoren.ru/product/opticheskiy_datchik_omron_e3zm_d82_2m/,6e4212c0.html
Omron,,E3T-SL23-M5J 0.3M,Оптический датчик Omron E3T-SL23-M5J 0.3M,E3T-SL23-M5J 0.3M,,,https://sensoren.ru/product/opticheskiy_datchik_omron_e3t_sl23_m5j_0_3m/,d5e2901b.html
Omron,,E3Z-L86,Оптический датчик Omron E3Z-L86,E3Z-L86,,,https://sensoren.ru/product/opticheskiy_datchik_omron_e3z_l86/,0001b4fa.html
Omron,,E3T-FL23 2M,Оптический датчик Omron E3T-FL23 2M,E3T-FL23 2M,,,https://sensoren.ru/product/opticheskiy_datchik_omron_e3t_fl23_2m/,f61db27c.html
Omron,,E3RB-DN22,Оптический датчик Omron E3RB-DN22,E3RB-DN22,,,https://sensoren.ru/product/opticheskiy_datchik_omron_e3rb_dn22/,745c7856.html
Omron,,E3ZM-CD87,Оптический датчик Omron E3ZM-CD87,E3ZM-CD87,,,https://sensoren.ru/product/opticheskiy_datchik_omron_e3zm_cd87/,faf5ad41.html
Omron,,E3Z-D87-IL3,Оптический датчик Omron E3Z-D87-IL3,E3Z-D87-IL3,,,https://sensoren.ru/product/opticheskiy_datchik_omron_e3z_d87_il3/,3290011a.html
Omron,,E3Z-LL66,Оптический датчик Omron E3Z-LL66,E3Z-LL66,,,https://sensoren.ru/product/opticheskiy_datchik_omron_e3z_ll66/,4d487e60.html
Omron,,E3T-SL13M 2M,Оптический датчик Omron E3T-SL13M 2M,E3T-SL13M 2M,,,https://sensoren.ru/product/opticheskiy_datchik_omron_e3t_sl13m_2m/,f4395f0d.html
Omron,,E3FB-LP21,Оптический датчик Omron E3FB-LP21,E3FB-LP21,,,https://sensoren.ru/product/opticheskiy_datchik_omron_e3fb_lp21/,243c85a1.html
Omron,,E3ZM-LS81H 5M,Оптический датчик Omron E3ZM-LS81H 5M,E3ZM-LS81H 5M,,,https://sensoren.ru/product/opticheskiy_datchik_omron_e3zm_ls81h_5m/,fc9d1d87.html
Omron,,E3T-FD13M 2M,Оптический датчик Omron E3T-FD13M 2M,E3T-FD13M 2M,,,https://sensoren.ru/product/opticheskiy_datchik_omron_e3t_fd13m_2m/,67c8a96c.html
Omron,,E3T-SL23 5M,Оптический датчик Omron E3T-SL23 5M,E3T-SL23 5M,,,https://sensoren.ru/product/opticheskiy_datchik_omron_e3t_sl23_5m/,82456d80.html
Omron,,E3Z-D82 5M,Оптический датчик Omron E3Z-D82 5M,E3Z-D82 5M,,,https://sensoren.ru/product/opticheskiy_datchik_omron_e3z_d82_5m/,37a18348.html
Omron,,E3Z-LS83 2M,Оптический датчик Omron E3Z-LS83 2M,E3Z-LS83 2M,,,https://sensoren.ru/product/opticheskiy_datchik_omron_e3z_ls83_2m/,21585011.html
Omron,,E3Z-L86-IL3,Оптический датчик Omron E3Z-L86-IL3,E3Z-L86-IL3,,,https://sensoren.ru/product/opticheskiy_datchik_omron_e3z_l86_il3/,b99f3a81.html
Omron,,E3Z-L81 2M,Оптический датчик Omron E3Z-L81 2M,E3Z-L81 2M,,,https://sensoren.ru/product/opticheskiy_datchik_omron_e3z_l81_2m/,c97dac6c.html
Omron,,E3Z-LS88,Оптический датчик Omron E3Z-LS88,E3Z-LS88,,,https://sensoren.ru/product/opticheskiy_datchik_omron_e3z_ls88/,4f88cf61.html
Omron,,E3Z-D86,Оптический датчик Omron E3Z-D86,E3Z-D86,,,https://sensoren.ru/product/opticheskiy_datchik_omron_e3z_d86/,d6c05ba2.html
Omron,,E3Z-D87,Оптический датчик Omron E3Z-D87,E3Z-D87,,,https://sensoren.ru/product/opticheskiy_datchik_omron_e3z_d87/,d7c05d35.html
Omron,,E3Z-LS66,Оптический датчик Omron E3Z-LS66,E3Z-LS66,,,https://sensoren.ru/product/opticheskiy_datchik_omron_e3z_ls66/,59ab7161.html
Omron,,E3ZM-LS86H,Оптический датчик Omron E3ZM-LS86H,E3ZM-LS86H,,,https://sensoren.ru/product/opticheskiy_datchik_omron_e3zm_ls86h/,ee321f28.html
Omron,,E3FB-DP12 2M,Оптический датчик Omron E3FB-DP12 2M,E3FB-DP12 2M,,,https://sensoren.ru/product/opticheskiy_datchik_omron_e3fb_dp12_2m/,93708b78.html
Omron,,E3FB-DP22,Оптический датчик Omron E3FB-DP22,E3FB-DP22,,,https://sensoren.ru/product/opticheskiy_datchik_omron_e3fb_dp22/,b33396c0.html
Omron,,E3Z-L81-M1TJ-IL2-1 0.3M,Оптический датчик Omron E3Z-L81-M1TJ-IL2-1 0.3M,E3Z-L81-M1TJ-IL2-1 0.3M,,,https://sensoren.ru/product/opticheskiy_datchik_omron_e3z_l81_m1tj_il2_1_0_3m/,0b58370e.html
Omron,,E3JK-DP11 2M,Оптический датчик Omron E3JK-DP11 2M,E3JK-DP11 2M,,,https://sensoren.ru/product/opticheskiy_datchik_omron_e3jk_dp11_2m/,0d2dd590.html
Omron,,E3Z-LS81 5M,Оптический датчик Omron E3Z-LS81 5M,E3Z-LS81 5M,,,https://sensoren.ru/product/opticheskiy_datchik_omron_e3z_ls81_5m/,b7bc1a68.html
Omron,,E3Z-D82-M3J 0.3M,Оптический датчик Omron E3Z-D82-M3J 0.3M,E3Z-D82-M3J 0.3M,,,https://sensoren.ru/product/opticheskiy_datchik_omron_e3z_d82_m3j_0_3m/,ab0fee51.html
Omron,,E3FB-DN22,Оптический датчик Omron E3FB-DN22,E3FB-DN22,,,https://sensoren.ru/product/opticheskiy_datchik_omron_e3fb_dn22/,3ca9c9ea.html
Omron,,E3Z-L81-IL2 2M,Оптический датчик Omron E3Z-L81-IL2 2M,E3Z-L81-IL2 2M,,,https://sensoren.ru/product/opticheskiy_datchik_omron_e3z_l81_il2_2m/,b6478b70.html
Omron,,E3FB-DP13 2M,Оптический датчик Omron E3FB-DP13 2M,E3FB-DP13 2M,,,https://sensoren.ru/product/opticheskiy_datchik_omron_e3fb_dp13_2m/,fcf5bf55.html
Omron,,E3FA-DP26-F2,Оптический датчик Omron E3FA-DP26-F2,E3FA-DP26-F2,,,https://sensoren.ru/product/opticheskiy_datchik_omron_e3fa_dp26_f2/,78b419da.html
Omron,,E3Z-LL81-M1J 0.3M,Оптический датчик Omron E3Z-LL81-M1J 0.3M,E3Z-LL81-M1J 0.3M,,,https://sensoren.ru/product/opticheskiy_datchik_omron_e3z_ll81_m1j_0_3m/,b3b1b3ec.html
Omron,,E3Z-D82-M1TJ-IL2 0.3M,Оптический датчик Omron E3Z-D82-M1TJ-IL2 0.3M,E3Z-D82-M1TJ-IL2 0.3M,,,https://sensoren.ru/product/opticheskiy_datchik_omron_e3z_d82_m1tj_il2_0_3m/,0a38dc75.html
Omron,,E3RA-DP22,Оптический датчик Omron E3RA-DP22,E3RA-DP22,,,https://sensoren.ru/product/opticheskiy_datchik_omron_e3ra_dp22/,7be32d1b.html
Omron,,E3FA-LP11-F2 2M,Оптический датчик Omron E3FA-LP11-F2 2M,E3FA-LP11-F2 2M,,,https://sensoren.ru/product/opticheskiy_datchik_omron_e3fa_lp11_f2_2m/,d1e3574d.html
Omron,,E3Z-LS68,Оптический датчик Omron E3Z-LS68,E3Z-LS68,,,https://sensoren.ru/product/opticheskiy_datchik_omron_e3z_ls68/,53ab67ef.html
Omron,,E3Z-L81-IL3 2M,Оптический датчик Omron E3Z-L81-IL3 2M,E3Z-L81-IL3 2M,,,https://sensoren.ru/product/opticheskiy_datchik_omron_e3z_l81_il3_2m/,c70c734d.html
Omron,,E3RB-DP21,Оптический датчик Omron E3RB-DP21,E3RB-DP21,,,https://sensoren.ru/product/opticheskiy_datchik_omron_e3rb_dp21/,b74fae8d.html
Omron,,E3Z-L81-M1TJ-IL3-1 0.3M,Оптический датчик Omron E3Z-L81-M1TJ-IL3-1 0.3M,E3Z-L81-M1TJ-IL3-1 0.3M,,,https://sensoren.ru/product/opticheskiy_datchik_omron_e3z_l81_m1tj_il3_1_0_3m/,381ef963.html
Omron,,E3Z-L66,Оптический датчик Omron E3Z-L66,E3Z-L66,,,https://sensoren.ru/product/opticheskiy_datchik_omron_e3z_l66/,effd1e9c.html
Omron,,E3ZM-D82 5M,Оптический датчик Omron E3ZM-D82 5M,E3ZM-D82 5M,,,https://sensoren.ru/product/opticheskiy_datchik_omron_e3zm_d82_5m/,6e30c99f.html
Omron,,E3S-CL1 5M,Оптический датчик Omron E3S-CL1 5M,E3S-CL1 5M,,,https://sensoren.ru/product/opticheskiy_datchik_omron_e3s_cl1_5m/,8b274eb9.html
Omron,,E3FB-DN23,Оптический датчик Omron E3FB-DN23,E3FB-DN23,,,https://sensoren.ru/product/opticheskiy_datchik_omron_e3fb_dn23/,3da9cb7d.html
Omron,,E3Z-D82 2M,Оптический датчик Omron E3Z-D82 2M,E3Z-D82 2M,,,https://sensoren.ru/product/opticheskiy_datchik_omron_e3z_d82_2m/,37903a27.html
Omron,,E3RB-DP22,Оптический датчик Omron E3RB-DP22,E3RB-DP22,,,https://sensoren.ru/product/opticheskiy_datchik_omron_e3rb_dp22/,b44fa9d4.html
Omron,,E3Z-D82-IL2 2M,Оптический датчик Omron E3Z-D82-IL2 2M,E3Z-D82-IL2 2M,,,https://sensoren.ru/product/opticheskiy_datchik_omron_e3z_d82_il2_2m/,48fa254b.html
Omron,,E3Z-L61 2M,Оптический датчик Omron E3Z-L61 2M,E3Z-L61 2M,,,https://sensoren.ru/product/opticheskiy_datchik_omron_e3z_l61_2m/,2fd391c2.html
Omron,,E3Z-D82-M1TJ-IL3 0.3M,Оптический датчик Omron E3Z-D82-M1TJ-IL3 0.3M,E3Z-D82-M1TJ-IL3 0.3M,,,https://sensoren.ru/product/opticheskiy_datchik_omron_e3z_d82_m1tj_il3_0_3m/,29b7acf4.html
Omron,,E3FA-DP25-F2,Оптический датчик Omron E3FA-DP25-F2,E3FA-DP25-F2,,,https://sensoren.ru/product/opticheskiy_datchik_omron_e3fa_dp25_f2/,edd4d74d.html
Omron,,E3FC-DP25,Оптический датчик Omron E3FC-DP25,E3FC-DP25,,,https://sensoren.ru/product/opticheskiy_datchik_omron_e3fc_dp25/,b420a4bc.html
Omron,,E3Z-LS81-M3J 0.3M,Оптический датчик Omron E3Z-LS81-M3J 0.3M,E3Z-LS81-M3J 0.3M,,,https://sensoren.ru/product/opticheskiy_datchik_omron_e3z_ls81_m3j_0_3m/,b6dc2571.html
Omron,,E3FA-DP26,Оптический датчик Omron E3FA-DP26,E3FA-DP26,,,https://sensoren.ru/product/opticheskiy_datchik_omron_e3fa_dp26/,7ad8e45b.html
Omron,,E3Z-D81-M1J 0.3M,Оптический датчик Omron E3Z-D81-M1J 0.3M,E3Z-D81-M1J 0.3M,,,https://sensoren.ru/product/opticheskiy_datchik_omron_e3z_d81_m1j_0_3m/,ed0513c8.html
Omron,,E3Z-L86-IL2,Оптический датчик Omron E3Z-L86-IL2,E3Z-L86-IL2,,,https://sensoren.ru/product/opticheskiy_datchik_omron_e3z_l86_il2/,b89f38ee.html
Omron,,E3Z-D82-IL3 2M,Оптический датчик Omron E3Z-D82-IL3 2M,E3Z-D82-IL3 2M,,,https://sensoren.ru/product/opticheskiy_datchik_omron_e3z_d82_il3_2m/,c774cba6.html
Omron,,E3FA-LP22-F2,Оптический датчик Omron E3FA-LP22-F2,E3FA-LP22-F2,,,https://sensoren.ru/product/opticheskiy_datchik_omron_e3fa_lp22_f2/,7ce075e6.html
Omron,,E3Z-D66,Оптический датчик Omron E3Z-D66,E3Z-D66,,,https://sensoren.ru/product/opticheskiy_datchik_omron_e3z_d66/,e6e30714.html
Omron,,E3Z-D61 2M,Оптический датчик Omron E3Z-D61 2M,E3Z-D61 2M,,,https://sensoren.ru/product/opticheskiy_datchik_omron_e3z_d61_2m/,819bfd3a.html
Omron,,E3FA-DN14 2M,Оптический датчик Omron E3FA-DN14 2M,E3FA-DN14 2M,,,https://sensoren.ru/product/opticheskiy_datchik_omron_e3fa_dn14_2m/,92d41b75.html
Omron,,E3FB-DN12 2M,Оптический датчик Omron E3FB-DN12 2M,E3FB-DN12 2M,,,https://sensoren.ru/product/opticheskiy_datchik_omron_e3fb_dn12_2m/,e06b4eae.html
Omron,,E3FA-DP25-1,Оптический датчик Omron E3FA-DP25-1,E3FA-DP25-1,,,https://sensoren.ru/product/opticheskiy_datchik_omron_e3fa_dp25_1/,b5faddd8.html
Omron,,E3T-SL21 2M,Оптический датчик Omron E3T-SL21 2M,E3T-SL21 2M,,,https://sensoren.ru/product/opticheskiy_datchik_omron_e3t_sl21_2m/,f888c729.html
Omron,,E3FB-DP26-F2,Оптический датчик Omron E3FB-DP26-F2,E3FB-DP26-F2,,,https://sensoren.ru/product/opticheskiy_datchik_omron_e3fb_dp26_f2/,a60959e7.html
Omron,,E3FA-DN24,Оптический датчик Omron E3FA-DN24,E3FA-DN24,,,https://sensoren.ru/product/opticheskiy_datchik_omron_e3fa_dn24/,d925289f.html
Omron,,E3RB-DP23,Оптический датчик Omron E3RB-DP23,E3RB-DP23,,,https://sensoren.ru/product/opticheskiy_datchik_omron_e3rb_dp23/,b54fab67.html
Omron,,E3FA-DN25,Оптический датчик Omron E3FA-DN25,E3FA-DN25,,,https://sensoren.ru/product/opticheskiy_datchik_omron_e3fa_dn25/,d825270c.html
Omron,,E3F1-DN22,Оптический датчик Omron E3F1-DN22,E3F1-DN22,,,https://sensoren.ru/product/opticheskiy_datchik_omron_e3f1_dn22/,26b7f0c9.html
Omron,,E3FA-LP21,Оптический датчик Omron E3FA-LP21,E3FA-LP21,,,https://sensoren.ru/product/opticheskiy_datchik_omron_e3fa_lp21/,81516f92.html
Omron,,E3FB-DN21,Оптический датчик Omron E3FB-DN21,E3FB-DN21,,,https://sensoren.ru/product/opticheskiy_datchik_omron_e3fb_dn21/,3ba9c857.html
Omron,,E3FA-DP14-F2 2M,Оптический датчик Omron E3FA-DP14-F2 2M,E3FA-DP14-F2 2M,,,https://sensoren.ru/product/opticheskiy_datchik_omron_e3fa_dp14_f2_2m/,6cc10662.html
Omron,,E3Z-D62 2M,Оптический датчик Omron E3Z-D62 2M,E3Z-D62 2M,,,https://sensoren.ru/product/opticheskiy_datchik_omron_e3z_d62_2m/,9321d089.html
Omron,,E3RA-DP21,Оптический датчик Omron E3RA-DP21,E3RA-DP21,,,https://sensoren.ru/product/opticheskiy_datchik_omron_e3ra_dp21/,7ce32eae.html
Omron,,E3FB-LP21-F2,Оптический датчик Omron E3FB-LP21-F2,E3FB-LP21-F2,,,https://sensoren.ru/product/opticheskiy_datchik_omron_e3fb_lp21_f2/,3440bd5c.html
Omron,,E3FB-LP22,Оптический датчик Omron E3FB-LP22,E3FB-LP22,,,https://sensoren.ru/product/opticheskiy_datchik_omron_e3fb_lp22/,213c80e8.html
Omron,,E3FA-DP23,Оптический датчик Omron E3FA-DP23,E3FA-DP23,,,https://sensoren.ru/product/opticheskiy_datchik_omron_e3fa_dp23/,7dd8e914.html
Omron,,E3FA-LP11 2M,Оптический датчик Omron E3FA-LP11 2M,E3FA-LP11 2M,,,https://sensoren.ru/product/opticheskiy_datchik_omron_e3fa_lp11_2m/,09dda07a.html
Omron,,E3FA-LN21,Оптический датчик Omron E3FA-LN21,E3FA-LN21,,,https://sensoren.ru/product/opticheskiy_datchik_omron_e3fa_ln21/,617e4128.html
Omron,,E3FB-DN11 2M,Оптический датчик Omron E3FB-DN11 2M,E3FB-DN11 2M,,,https://sensoren.ru/product/opticheskiy_datchik_omron_e3fb_dn11_2m/,d1a13dbd.html
Omron,,E3FA-DP22,Оптический датчик Omron E3FA-DP22,E3FA-DP22,,,https://sensoren.ru/product/opticheskiy_datchik_omron_e3fa_dp22/,7ed8eaa7.html
Omron,,E3RA-DP12 2M,Оптический датчик Omron E3RA-DP12 2M,E3RA-DP12 2M,,,https://sensoren.ru/product/opticheskiy_datchik_omron_e3ra_dp12_2m/,c21e9335.html
Omron,,E3Z-D82-M1J 0.3M,Оптический датчик Omron E3Z-D82-M1J 0.3M,E3Z-D82-M1J 0.3M,,,https://sensoren.ru/product/opticheskiy_datchik_omron_e3z_d82_m1j_0_3m/,9abf263f.html
Omron,,E3FB-DP11 2M,Оптический датчик Omron E3FB-DP11 2M,E3FB-DP11 2M,,,https://sensoren.ru/product/opticheskiy_datchik_omron_e3fb_dp11_2m/,1347770b.html
Omron,,E3FA-LP21-F2,Оптический датчик Omron E3FA-LP21-F2,E3FA-LP21-F2,,,https://sensoren.ru/product/opticheskiy_datchik_omron_e3fa_lp21_f2/,8231a6f9.html
Omron,,Omron,Оптические датчики Omron E3FZ в коротком цилиндрическом корпусе с диффузионным отражением от объекта,Omron,,,https://sensoren.ru/product/opticheskie_datchiki_omron_e3fz_v_korotkom_cilindricheskom_korpuse_s_diffuzionnim_otrajeniem_ot_obekta/,6e03c0cc.html
Omron,,E3FB-LP11 2M,Оптический датчик Omron E3FB-LP11 2M,E3FB-LP11 2M,,,https://sensoren.ru/product/opticheskiy_datchik_omron_e3fb_lp11_2m/,7085e8b3.html
Omron,,E3FB-DP25-F2,Оптический датчик Omron E3FB-DP25-F2,E3FB-DP25-F2,,,https://sensoren.ru/product/opticheskiy_datchik_omron_e3fb_dp25_f2/,c07335b8.html
Omron,,E3FA-DP13 2M,Оптический датчик Omron E3FA-DP13 2M,E3FA-DP13 2M,,,https://sensoren.ru/product/opticheskiy_datchik_omron_e3fa_dp13_2m/,5544dcd4.html
Omron,,E3FB-DP21,Оптический датчик Omron E3FB-DP21,E3FB-DP21,,,https://sensoren.ru/product/opticheskiy_datchik_omron_e3fb_dp21/,b6339b79.html
Omron,,E3FA-DP24,Оптический датчик Omron E3FA-DP24,E3FA-DP24,,,https://sensoren.ru/product/opticheskiy_datchik_omron_e3fa_dp24/,7cd8e781.html
Omron,,E3FA-DN21,Оптический датчик Omron E3FA-DN21,E3FA-DN21,,,https://sensoren.ru/product/opticheskiy_datchik_omron_e3fa_dn21/,d42520c0.html
Omron,,E3JM-DS70M4T-G,Оптический датчик Omron E3JM-DS70M4T-G,E3JM-DS70M4T-G,,,https://sensoren.ru/product/opticheskiy_datchik_omron_e3jm_ds70m4t_g/,e3c48978.html
Omron,,E3T-SL23M 2M,Оптический датчик Omron E3T-SL23M 2M,E3T-SL23M 2M,,,https://sensoren.ru/product/opticheskiy_datchik_omron_e3t_sl23m_2m/,25c165f2.html
Omron,,E3FA-DP12 2M,Оптический датчик Omron E3FA-DP12 2M,E3FA-DP12 2M,,,https://sensoren.ru/product/opticheskiy_datchik_omron_e3fa_dp12_2m/,b96337d1.html
Omron,,E3FA-LP12 2M,Оптический датчик Omron E3FA-LP12 2M,E3FA-LP12 2M,,,https://sensoren.ru/product/opticheskiy_datchik_omron_e3fa_lp12_2m/,1b61e0c9.html
Omron,,E3FA-DN12 2M,Оптический датчик Omron E3FA-DN12 2M,E3FA-DN12 2M,,,https://sensoren.ru/product/opticheskiy_datchik_omron_e3fa_dn12_2m/,1983cc4f.html
Omron,,E3RA-DP23,Оптический датчик Omron E3RA-DP23,E3RA-DP23,,,https://sensoren.ru/product/opticheskiy_datchik_omron_e3ra_dp23/,7ae32b88.html
Omron,,E3FA-DP16 2M,Оптический датчик Omron E3FA-DP16 2M,E3FA-DP16 2M,,,https://sensoren.ru/product/opticheskiy_datchik_omron_e3fa_dp16_2m/,01766fed.html
Omron,,E3FB-DP23,Оптический датчик Omron E3FB-DP23,E3FB-DP23,,,https://sensoren.ru/product/opticheskiy_datchik_omron_e3fb_dp23/,b4339853.html
Omron,,E3FA-DN23,Оптический датчик Omron E3FA-DN23,E3FA-DN23,,,https://sensoren.ru/product/opticheskiy_datchik_omron_e3fa_dn23/,d62523e6.html
Omron,,E3FA-DN22,Оптический датчик Omron E3FA-DN22,E3FA-DN22,,,https://sensoren.ru/product/opticheskiy_datchik_omron_e3fa_dn22/,d7252579.html
Omron,,E3FA-DP14 2M,Оптический датчик Omron E3FA-DP14 2M,E3FA-DP14 2M,,,https://sensoren.ru/product/opticheskiy_datchik_omron_e3fa_dp14_2m/,32b2c603.html
Omron,,E3FA-DP15-F2 2M,Оптический датчик Omron E3FA-DP15-F2 2M,E3FA-DP15-F2 2M,,,https://sensoren.ru/product/opticheskiy_datchik_omron_e3fa_dp15_f2_2m/,7206b049.html
Omron,,E3FA-DN15 2M,Оптический датчик Omron E3FA-DN15 2M,E3FA-DN15 2M,,,https://sensoren.ru/product/opticheskiy_datchik_omron_e3fa_dn15_2m/,2811b318.html
Omron,,Omron,Оптические датчики Omron E3FA и E3FB в цилиндрическом корпусе с диффузионным отражением от объекта,Omron,,,https://sensoren.ru/product/opticheskie_datchiki_omron_e3fa_i_e3fb_v_cilindricheskom_korpuse_s_diffuzionnim_otrajeniem_ot_obekta/,6e03c0cc.html
Omron,,E3FA-DP21,Оптический датчик Omron E3FA-DP21,E3FA-DP21,,,https://sensoren.ru/product/opticheskiy_datchik_omron_e3fa_dp21/,7fd8ec3a.html
Omron,,E3FA-DN11 2M,Оптический датчик Omron E3FA-DN11 2M,E3FA-DN11 2M,,,https://sensoren.ru/product/opticheskiy_datchik_omron_e3fa_dn11_2m/,5fff447c.html
Omron,,E3FA-DP25,Оптический датчик Omron E3FA-DP25,E3FA-DP25,,,https://sensoren.ru/product/opticheskiy_datchik_omron_e3fa_dp25/,7bd8e5ee.html
Omron,,E3FA-DP24-F2,Оптический датчик Omron E3FA-DP24-F2,E3FA-DP24-F2,,,https://sensoren.ru/product/opticheskiy_datchik_omron_e3fa_dp24_f2/,2b6d77fc.html
Omron,,Omron,Оптические датчики Omron E3F2 в цилиндрическом корпусе с диффузионным отражением от объекта,Omron,,,https://sensoren.ru/product/opticheskie_datchiki_omron_e3f2_v_cilindricheskom_korpuse_s_diffuzionnim_otrajeniem_ot_obekta/,6e03c0cc.html
Omron,,E3FA-DP15 2M,Оптический датчик Omron E3FA-DP15 2M,E3FA-DP15 2M,,,https://sensoren.ru/product/opticheskiy_datchik_omron_e3fa_dp15_2m/,104080de.html
Omron,,Omron,Оптические датчики Omron E3Z в прямоугольных корпусах с диффузионным отражением от объекта,Omron,,,https://sensoren.ru/product/opticheskie_datchiki_omron_e3z_v_pryamougolnih_korpusah_s_diffuzionnim_otrajeniem_ot_obekta/,6e03c0cc.html
Omron,,E3FA-DN13 2M,Оптический датчик Omron E3FA-DN13 2M,E3FA-DN13 2M,,,https://sensoren.ru/product/opticheskiy_datchik_omron_e3fa_dn13_2m/,f1ac414a.html
Omron,,E3FA-DP12 5M,Оптический датчик Omron E3FA-DP12 5M,E3FA-DP12 5M,,,https://sensoren.ru/product/opticheskiy_datchik_omron_e3fa_dp12_5m/,196a8ab6.html
Omron,,E3Z-D81 5M,Оптический датчик Omron E3Z-D81 5M,E3Z-D81 5M,,,https://sensoren.ru/product/opticheskiy_datchik_omron_e3z_d81_5m/,5d21ceeb.html
Omron,,E3FA-LP22,Оптический датчик Omron E3FA-LP22,E3FA-LP22,,,https://sensoren.ru/product/opticheskiy_datchik_omron_e3fa_lp22/,80516dff.html
Omron,,E3FA-DP11 2M,Оптический датчик Omron E3FA-DP11 2M,E3FA-DP11 2M,,,https://sensoren.ru/product/opticheskiy_datchik_omron_e3fa_dp11_2m/,482e1242.html
Omron,,E6C3-CWZ5GH 3600P/R 2M,Инкрементальный энкодер Omron E6C3-CWZ5GH 3600P/R 2M,E6C3-CWZ5GH 3600P/R 2M,90618,RUB,https://sensoren.ru/product/inkrementalnyy_enkoder_omron_e6c3_cwz5gh_3600p_r_2m/,649cdc16.html
Omron,,E6F-CWZ5G 600P/R 2M,Инкрементальный энкодер Omron E6F-CWZ5G 600P/R 2M,E6F-CWZ5G 600P/R 2M,,,https://sensoren.ru/product/inkrementalnyy_enkoder_omron_e6f_cwz5g_600p_r_2m/,03b0b0f9.html
Omron,,E6B2-CWZ6C 200P/R 2M,Инкрементальный энкодер Omron E6B2-CWZ6C 200P/R 2M,E6B2-CWZ6C 200P/R 2M,,,https://sensoren.ru/product/inkrementalnyy_enkoder_omron_e6b2_cwz6c_200p_r_2m/,6832657c.html
Omron,,E6F-CWZ5G 200P/R 2M,Инкрементальный энкодер Omron E6F-CWZ5G 200P/R 2M,E6F-CWZ5G 200P/R 2M,,,https://sensoren.ru/product/inkrementalnyy_enkoder_omron_e6f_cwz5g_200p_r_2m/,639913a5.html
Omron,,E6F-CWZ5G 1000P/R 2M,Инкрементальный энкодер Omron E6F-CWZ5G 1000P/R 2M,E6F-CWZ5G 1000P/R 2M,,,https://sensoren.ru/product/inkrementalnyy_enkoder_omron_e6f_cwz5g_1000p_r_2m/,835d86e0.html
Omron,,E6B2-CWZ6C 1000P/R 0.5M,Инкрементальный энкодер Omron E6B2-CWZ6C 1000P/R 0.5M,E6B2-CWZ6C 1000P/R 0.5M,,,https://sensoren.ru/product/inkrementalnyy_enkoder_omron_e6b2_cwz6c_1000p_r_0_5m/,8af4269e.html
Omron,,E6B2-CWZ5B 2000P/R 0.5M,Инкрементальный энкодер Omron E6B2-CWZ5B 2000P/R 0.5M,E6B2-CWZ5B 2000P/R 0.5M,,,https://sensoren.ru/product/inkrementalnyy_enkoder_omron_e6b2_cwz5b_2000p_r_0_5m/,901d20b9.html
Omron,,E6B2-CWZ6C 360P/R 2M,Инкрементальный энкодер Omron E6B2-CWZ6C 360P/R 2M,E6B2-CWZ6C 360P/R 2M,,,https://sensoren.ru/product/inkrementalnyy_enkoder_omron_e6b2_cwz6c_360p_r_2m/,70ccb779.html
Omron,,E6A2-CWZ5C 500P/R 0.5M,Инкрементальный энкодер Omron E6A2-CWZ5C 500P/R 0.5M,E6A2-CWZ5C 500P/R 0.5M,,,https://sensoren.ru/product/inkrementalnyy_enkoder_omron_e6a2_cwz5c_500p_r_0_5m/,22f608c4.html
Omron,,E6B2-CWZ5B 360P/R 0.5M,Инкрементальный энкодер Omron E6B2-CWZ5B 360P/R 0.5M,E6B2-CWZ5B 360P/R 0.5M,,,https://sensoren.ru/product/inkrementalnyy_enkoder_omron_e6b2_cwz5b_360p_r_0_5m/,6f7e819c.html
Omron,,E6F-CWZ5G 100P/R 2M,Инкрементальный энкодер Omron E6F-CWZ5G 100P/R 2M,E6F-CWZ5G 100P/R 2M,,,https://sensoren.ru/product/inkrementalnyy_enkoder_omron_e6f_cwz5g_100p_r_2m/,10182c0c.html
Omron,,E6B2-CWZ5B 200P/R 0.5M,Инкрементальный энкодер Omron E6B2-CWZ5B 200P/R 0.5M,E6B2-CWZ5B 200P/R 0.5M,,,https://sensoren.ru/product/inkrementalnyy_enkoder_omron_e6b2_cwz5b_200p_r_0_5m/,c18cdf3d.html
Omron,,E6F-CWZ5G 500P/R 2M,Инкрементальный энкодер Omron E6F-CWZ5G 500P/R 2M,E6F-CWZ5G 500P/R 2M,,,https://sensoren.ru/product/inkrementalnyy_enkoder_omron_e6f_cwz5g_500p_r_2m/,537208e0.html
Omron,,E6B2-CWZ5B 100P/R 0.5M,Инкрементальный энкодер Omron E6B2-CWZ5B 100P/R 0.5M,E6B2-CWZ5B 100P/R 0.5M,,,https://sensoren.ru/product/inkrementalnyy_enkoder_omron_e6b2_cwz5b_100p_r_0_5m/,ee5092e0.html
Omron,,E6B2-CWZ1X 1000P/R 0.5M,Инкрементальный энкодер Omron E6B2-CWZ1X 1000P/R 0.5M,E6B2-CWZ1X 1000P/R 0.5M,,,https://sensoren.ru/product/inkrementalnyy_enkoder_omron_e6b2_cwz1x_1000p_r_0_5m/,215e2f14.html
Omron,,E6B2-CWZ6C 100P/R 2M,Инкрементальный энкодер Omron E6B2-CWZ6C 100P/R 2M,E6B2-CWZ6C 100P/R 2M,,,https://sensoren.ru/product/inkrementalnyy_enkoder_omron_e6b2_cwz6c_100p_r_2m/,1282e695.html
Omron,,E6A2-CW5C 200P/R 2M,Инкрементальный энкодер Omron E6A2-CW5C 200P/R 2M,E6A2-CW5C 200P/R 2M,,,https://sensoren.ru/product/inkrementalnyy_enkoder_omron_e6a2_cw5c_200p_r_2m/,19f946ee.html
Omron,,E6B2-CWZ6C 2000P/R 2M,Инкрементальный энкодер Omron E6B2-CWZ6C 2000P/R 2M,E6B2-CWZ6C 2000P/R 2M,,,https://sensoren.ru/product/inkrementalnyy_enkoder_omron_e6b2_cwz6c_2000p_r_2m/,91844610.html
Omron,,E6B2-CWZ6C 360P/R 0.5M,Инкрементальный энкодер Omron E6B2-CWZ6C 360P/R 0.5M,E6B2-CWZ6C 360P/R 0.5M,,,https://sensoren.ru/product/inkrementalnyy_enkoder_omron_e6b2_cwz6c_360p_r_0_5m/,182f57d8.html
Omron,,E6B2-CWZ6C 500P/R 2M,Инкрементальный энкодер Omron E6B2-CWZ6C 500P/R 2M,E6B2-CWZ6C 500P/R 2M,,,https://sensoren.ru/product/inkrementalnyy_enkoder_omron_e6b2_cwz6c_500p_r_2m/,51c82469.html
Omron,,E6B2-CWZ6C 600P/R 2M,Инкрементальный энкодер Omron E6B2-CWZ6C 600P/R 2M,E6B2-CWZ6C 600P/R 2M,,,https://sensoren.ru/product/inkrementalnyy_enkoder_omron_e6b2_cwz6c_600p_r_2m/,b73f23d0.html
Omron,,E6F-CWZ5G 360P/R 2M,Инкрементальный энкодер Omron E6F-CWZ5G 360P/R 2M,E6F-CWZ5G 360P/R 2M,,,https://sensoren.ru/product/inkrementalnyy_enkoder_omron_e6f_cwz5g_360p_r_2m/,e0ab88c4.html
Omron,,E6B2-CWZ6C 1000P/R 2M,Инкрементальный энкодер Omron E6B2-CWZ6C 1000P/R 2M,E6B2-CWZ6C 1000P/R 2M,,,https://sensoren.ru/product/inkrementalnyy_enkoder_omron_e6b2_cwz6c_1000p_r_2m/,9d2619c7.html
Omron,,E6B2-CWZ1X 2000P/R 0.5M,Инкрементальный энкодер Omron E6B2-CWZ1X 2000P/R 0.5M,E6B2-CWZ1X 2000P/R 0.5M,,,https://sensoren.ru/product/inkrementalnyy_enkoder_omron_e6b2_cwz1x_2000p_r_0_5m/,91e03207.html
Omron,,E6A2-CS5C 200P/R 2M,Инкрементальный энкодер Omron E6A2-CS5C 200P/R 2M,E6A2-CS5C 200P/R 2M,,,https://sensoren.ru/product/inkrementalnyy_enkoder_omron_e6a2_cs5c_200p_r_2m/,289007e2.html
Omron,,E6B2-CWZ5B 500P/R 0.5M,Инкрементальный энкодер Omron E6B2-CWZ5B 500P/R 0.5M,E6B2-CWZ5B 500P/R 0.5M,,,https://sensoren.ru/product/inkrementalnyy_enkoder_omron_e6b2_cwz5b_500p_r_0_5m/,e2ac2a7c.html
Omron,,E6A2-CS5C 60P/R 2M,Инкрементальный энкодер Omron E6A2-CS5C 60P/R 2M,E6A2-CS5C 60P/R 2M,,,https://sensoren.ru/product/inkrementalnyy_enkoder_omron_e6a2_cs5c_60p_r_2m/,8d82d446.html
Omron,,E6B2-CWZ1X 1000P/R 2M,Инкрементальный энкодер Omron E6B2-CWZ1X 1000P/R 2M,E6B2-CWZ1X 1000P/R 2M,,,https://sensoren.ru/product/inkrementalnyy_enkoder_omron_e6b2_cwz1x_1000p_r_2m/,fc45f485.html
Omron,,E6B2-CWZ5B 500P/R 2M,Инкрементальный энкодер Omron E6B2-CWZ5B 500P/R 2M,E6B2-CWZ5B 500P/R 2M,,,https://sensoren.ru/product/inkrementalnyy_enkoder_omron_e6b2_cwz5b_500p_r_2m/,e7f5137d.html
Omron,,E6A2-CS5C 360P/R 2M,Инкрементальный энкодер Omron E6A2-CS5C 360P/R 2M,E6A2-CS5C 360P/R 2M,,,https://sensoren.ru/product/inkrementalnyy_enkoder_omron_e6a2_cs5c_360p_r_2m/,29f909e3.html
Omron,,E6B2-CWZ1X 500P/R 0.5M,Инкрементальный энкодер Omron E6B2-CWZ1X 500P/R 0.5M,E6B2-CWZ1X 500P/R 0.5M,,,https://sensoren.ru/product/inkrementalnyy_enkoder_omron_e6b2_cwz1x_500p_r_0_5m/,ca3959ca.html
Omron,,E6B2-CWZ5B 360P/R 2M,Инкрементальный энкодер Omron E6B2-CWZ5B 360P/R 2M,E6B2-CWZ5B 360P/R 2M,,,https://sensoren.ru/product/inkrementalnyy_enkoder_omron_e6b2_cwz5b_360p_r_2m/,bef7db9d.html
Omron,,E6A2-CWZ3C 500P/R 0.5M,Инкрементальный энкодер Omron E6A2-CWZ3C 500P/R 0.5M,E6A2-CWZ3C 500P/R 0.5M,,,https://sensoren.ru/product/inkrementalnyy_enkoder_omron_e6a2_cwz3c_500p_r_0_5m/,043cb2ea.html
Omron,,E6B2-CWZ1X 200P/R 0.5M,Инкрементальный энкодер Omron E6B2-CWZ1X 200P/R 0.5M,E6B2-CWZ1X 200P/R 0.5M,,,https://sensoren.ru/product/inkrementalnyy_enkoder_omron_e6b2_cwz1x_200p_r_0_5m/,382550ef.html
Omron,,E6B2-CWZ6C 2000P/R 0.5M,Инкрементальный энкодер Omron E6B2-CWZ6C 2000P/R 0.5M,E6B2-CWZ6C 2000P/R 0.5M,,,https://sensoren.ru/product/inkrementalnyy_enkoder_omron_e6b2_cwz6c_2000p_r_0_5m/,5903ae05.html
Omron,,E6A2-CWZ3C 100P/R 2M,Инкрементальный энкодер Omron E6A2-CWZ3C 100P/R 2M,E6A2-CWZ3C 100P/R 2M,,,https://sensoren.ru/product/inkrementalnyy_enkoder_omron_e6a2_cwz3c_100p_r_2m/,23a350ef.html
Omron,,E6A2-CWZ5C 360P/R 0.5M,Инкрементальный энкодер Omron E6A2-CWZ5C 360P/R 0.5M,E6A2-CWZ5C 360P/R 0.5M,,,https://sensoren.ru/product/inkrementalnyy_enkoder_omron_e6a2_cwz5c_360p_r_0_5m/,0048d8e4.html
Omron,,E6A2-CWZ5C 200P/R 0.5M,Инкрементальный энкодер Omron E6A2-CWZ5C 200P/R 0.5M,E6A2-CWZ5C 200P/R 0.5M,,,https://sensoren.ru/product/inkrementalnyy_enkoder_omron_e6a2_cwz5c_200p_r_0_5m/,c0ff7cc5.html
Omron,,E6B2-CWZ5B 1000P/R 0.5M,Инкрементальный энкодер Omron E6B2-CWZ5B 1000P/R 0.5M,E6B2-CWZ5B 1000P/R 0.5M,,,https://sensoren.ru/product/inkrementalnyy_enkoder_omron_e6b2_cwz5b_1000p_r_0_5m/,4affad52.html
Omron,,E6B2-CWZ1X 360P/R 0.5M,Инкрементальный энкодер Omron E6B2-CWZ1X 360P/R 0.5M,E6B2-CWZ1X 360P/R 0.5M,,,https://sensoren.ru/product/inkrementalnyy_enkoder_omron_e6b2_cwz1x_360p_r_0_5m/,fd5e84aa.html
Omron,,E6A2-CW5C 200P/R 0.5M,Инкрементальный энкодер Omron E6A2-CW5C 200P/R 0.5M,E6A2-CW5C 200P/R 0.5M,,,https://sensoren.ru/product/inkrementalnyy_enkoder_omron_e6a2_cw5c_200p_r_0_5m/,f73f859b.html
Omron,,E6A2-CW3C 200P/R 0.5M,Инкрементальный энкодер Omron E6A2-CW3C 200P/R 0.5M,E6A2-CW3C 200P/R 0.5M,,,https://sensoren.ru/product/inkrementalnyy_enkoder_omron_e6a2_cw3c_200p_r_0_5m/,e80d82d9.html
Omron,,E6A2-CW3C 360P/R 2M,Инкрементальный энкодер Omron E6A2-CW3C 360P/R 2M,E6A2-CW3C 360P/R 2M,,,https://sensoren.ru/product/inkrementalnyy_enkoder_omron_e6a2_cw3c_360p_r_2m/,9c742dc1.html
Omron,,E6C3-CWZ5GH 2000P/R 2M,Инкрементальный энкодер Omron E6C3-CWZ5GH 2000P/R 2M,E6C3-CWZ5GH 2000P/R 2M,,,https://sensoren.ru/product/inkrementalnyy_enkoder_omron_e6c3_cwz5gh_2000p_r_2m/,e274cdf1.html
Omron,,E6A2-CW5C 360P/R 0.5M,Инкрементальный энкодер Omron E6A2-CW5C 360P/R 0.5M,E6A2-CW5C 360P/R 0.5M,,,https://sensoren.ru/product/inkrementalnyy_enkoder_omron_e6a2_cw5c_360p_r_0_5m/,15c0912e.html
Omron,,E6C2-CWZ6C 500P/R 2M,Инкрементальный энкодер Omron E6C2-CWZ6C 500P/R 2M,E6C2-CWZ6C 500P/R 2M,,,https://sensoren.ru/product/inkrementalnyy_enkoder_omron_e6c2_cwz6c_500p_r_2m/,99179de8.html
Omron,,E6C2-CWZ5B 500P/R 2M,Инкрементальный энкодер Omron E6C2-CWZ5B 500P/R 2M,E6C2-CWZ5B 500P/R 2M,,,https://sensoren.ru/product/inkrementalnyy_enkoder_omron_e6c2_cwz5b_500p_r_2m/,b7415fb0.html
Omron,,E6A2-CS5C 100P/R 2M,Инкрементальный энкодер Omron E6A2-CS5C 100P/R 2M,E6A2-CS5C 100P/R 2M,,,https://sensoren.ru/product/inkrementalnyy_enkoder_omron_e6a2_cs5c_100p_r_2m/,d08bf22f.html
Omron,,E6C2-CWZ5B 360P/R 2M,Инкрементальный энкодер Omron E6C2-CWZ5B 360P/R 2M,E6C2-CWZ5B 360P/R 2M,,,https://sensoren.ru/product/inkrementalnyy_enkoder_omron_e6c2_cwz5b_360p_r_2m/,bb01b194.html
Omron,,E6C3-CWZ5GH 1000P/R 2M,Инкрементальный энкодер Omron E6C3-CWZ5GH 1000P/R 2M,E6C3-CWZ5GH 1000P/R 2M,,,https://sensoren.ru/product/inkrementalnyy_enkoder_omron_e6c3_cwz5gh_1000p_r_2m/,865b55b6.html
Omron,,E6C2-CWZ1X 1000P/R 5M,Инкрементальный энкодер Omron E6C2-CWZ1X 1000P/R 5M,E6C2-CWZ1X 1000P/R 5M,,,https://sensoren.ru/product/inkrementalnyy_enkoder_omron_e6c2_cwz1x_1000p_r_5m/,ac148701.html
Omron,,E6C2-CWZ6C 1000P/R 2M,Инкрементальный энкодер Omron E6C2-CWZ6C 1000P/R 2M,E6C2-CWZ6C 1000P/R 2M,,,https://sensoren.ru/product/inkrementalnyy_enkoder_omron_e6c2_cwz6c_1000p_r_2m/,c868f418.html
Omron,,E6C2-CWZ5B 100P/R 2M,Инкрементальный энкодер Omron E6C2-CWZ5B 100P/R 2M,E6C2-CWZ5B 100P/R 2M,,,https://sensoren.ru/product/inkrementalnyy_enkoder_omron_e6c2_cwz5b_100p_r_2m/,2950efdc.html
Omron,,Omron,"Инкрементальные энкодеры Omron E6F-C с полноразмерным валом 10 мм, повышенная влагостойкость",Omron,,,https://sensoren.ru/product/inkrementalnie_enkoderi_omron_e6f-c_s_polnorazmernim_valom_10mm_povishennaya_vlagostoikost/,6e03c0cc.html
Omron,,E6A2-CS5C 60P/R 0.5M,Инкрементальный энкодер Omron E6A2-CS5C 60P/R 0.5M,E6A2-CS5C 60P/R 0.5M,,,https://sensoren.ru/product/inkrementalnyy_enkoder_omron_e6a2_cs5c_60p_r_0_5m/,a5df22a3.html
Omron,,E6C2-CWZ6C 200P/R 2M,Инкрементальный энкодер Omron E6C2-CWZ6C 200P/R 2M,E6C2-CWZ6C 200P/R 2M,,,https://sensoren.ru/product/inkrementalnyy_enkoder_omron_e6c2_cwz6c_200p_r_2m/,e5a7f2cd.html
Omron,,E6A2-CW5C 100P/R 0.5M,Инкрементальный энкодер Omron E6A2-CW5C 100P/R 0.5M,E6A2-CW5C 100P/R 0.5M,,,https://sensoren.ru/product/inkrementalnyy_enkoder_omron_e6a2_cw5c_100p_r_0_5m/,43c5db92.html
Omron,,E6C2-CWZ1X 1000P/R 2M,Инкрементальный энкодер Omron E6C2-CWZ1X 1000P/R 2M,E6C2-CWZ1X 1000P/R 2M,,,https://sensoren.ru/product/inkrementalnyy_enkoder_omron_e6c2_cwz1x_1000p_r_2m/,8c1ca366.html
Omron,,E6C3-CWZ5GH 100P/R 2M,Инкрементальный энкодер Omron E6C3-CWZ5GH 100P/R 2M,E6C3-CWZ5GH 100P/R 2M,,,https://sensoren.ru/product/inkrementalnyy_enkoder_omron_e6c3_cwz5gh_100p_r_2m/,4b7c72c6.html
Omron,,E6A2-CW5C 500P/R 0.5M,Инкрементальный энкодер Omron E6A2-CW5C 500P/R 0.5M,E6A2-CW5C 500P/R 0.5M,,,https://sensoren.ru/product/inkrementalnyy_enkoder_omron_e6a2_cw5c_500p_r_0_5m/,d476711e.html
Omron,,Omron,Инкрементальные энкодеры Omron E6H-C с полым валом 8 мм,Omron,,,https://sensoren.ru/product/inkrementalnie_enkoderi_omron_e6h-c_s_polim_valom_valom_8mm/,6e03c0cc.html
Omron,,E6C2-CWZ5B 1000P/R 2M,Инкрементальный энкодер Omron E6C2-CWZ5B 1000P/R 2M,E6C2-CWZ5B 1000P/R 2M,,,https://sensoren.ru/product/inkrementalnyy_enkoder_omron_e6c2_cwz5b_1000p_r_2m/,879cfdf0.html
Omron,,E6C3-CWZ3XH 3600P/R 2M,Инкрементальный энкодер Omron E6C3-CWZ3XH 3600P/R 2M,E6C3-CWZ3XH 3600P/R 2M,,,https://sensoren.ru/product/inkrementalnyy_enkoder_omron_e6c3_cwz3xh_3600p_r_2m/,4bf28d85.html
Omron,,E6A2-CW5C 100P/R 2M,Инкрементальный энкодер Omron E6A2-CW5C 100P/R 2M,E6A2-CW5C 100P/R 2M,,,https://sensoren.ru/product/inkrementalnyy_enkoder_omron_e6a2_cw5c_100p_r_2m/,1d20735b.html
Omron,,Omron,Инкрементальные энкодеры Omron E6A2-C с валом 4 мм,Omron,,,https://sensoren.ru/product/inkrementalnie_enkoderi_omron_e6a2-c_s_polnorazmernim_valom_4mm/,6e03c0cc.html
Omron,,E6C3-CWZ5GH 1024P/R 2M,Инкрементальный энкодер Omron E6C3-CWZ5GH 1024P/R 2M,E6C3-CWZ5GH 1024P/R 2M,,,https://sensoren.ru/product/inkrementalnyy_enkoder_omron_e6c3_cwz5gh_1024p_r_2m/,81dac060.html
Omron,,E6C2-CWZ1X 2000P/R 2M,Инкрементальный энкодер Omron E6C2-CWZ1X 2000P/R 2M,E6C2-CWZ1X 2000P/R 2M,,,https://sensoren.ru/product/inkrementalnyy_enkoder_omron_e6c2_cwz1x_2000p_r_2m/,561e1521.html
Omron,,E6C2-CWZ6C 360P/R 2M,Инкрементальный энкодер Omron E6C2-CWZ6C 360P/R 2M,E6C2-CWZ6C 360P/R 2M,,,https://sensoren.ru/product/inkrementalnyy_enkoder_omron_e6c2_cwz6c_360p_r_2m/,4ec186ac.html
Omron,,E6C2-CWZ6C 100P/R 2M,Инкрементальный энкодер Omron E6C2-CWZ6C 100P/R 2M,E6C2-CWZ6C 100P/R 2M,,,https://sensoren.ru/product/inkrementalnyy_enkoder_omron_e6c2_cwz6c_100p_r_2m/,a9f91b14.html
Omron,,E6C3-CWZ5GH 500P/R 2M,Инкрементальный энкодер Omron E6C3-CWZ5GH 500P/R 2M,E6C3-CWZ5GH 500P/R 2M,,,https://sensoren.ru/product/inkrementalnyy_enkoder_omron_e6c3_cwz5gh_500p_r_2m/,a8a011f2.html
Omron,,E6C3-CWZ5GH 360P/R 2M,Инкрементальный энкодер Omron E6C3-CWZ5GH 360P/R 2M,E6C3-CWZ5GH 360P/R 2M,,,https://sensoren.ru/product/inkrementalnyy_enkoder_omron_e6c3_cwz5gh_360p_r_2m/,c92f65a6.html
Omron,,E6C2-CWZ1X 360P/R 2M,Инкрементальный энкодер Omron E6C2-CWZ1X 360P/R 2M,E6C2-CWZ1X 360P/R 2M,,,https://sensoren.ru/product/inkrementalnyy_enkoder_omron_e6c2_cwz1x_360p_r_2m/,37d18616.html
Omron,,E6C2-CWZ6C 2000P/R 2M,Инкрементальный энкодер Omron E6C2-CWZ6C 2000P/R 2M,E6C2-CWZ6C 2000P/R 2M,,,https://sensoren.ru/product/inkrementalnyy_enkoder_omron_e6c2_cwz6c_2000p_r_2m/,888b98af.html
Omron,,Omron,Инкрементальные энкодеры Omron E6C2-C и E6C3-C с валом 6 и 8 мм,Omron,,,https://sensoren.ru/product/inkrementalnie_enkoderi_omron_e6c2-c_i_e6c3-c_s_polnorazmernim_valom_6_i_8mm_povishennaya_vlagostoikost/,6e03c0cc.html
Omron,,E6C2-CWZ5B 2000P/R 2M,Инкрементальный энкодер Omron E6C2-CWZ5B 2000P/R 2M,E6C2-CWZ5B 2000P/R 2M,,,https://sensoren.ru/product/inkrementalnyy_enkoder_omron_e6c2_cwz5b_2000p_r_2m/,9c761827.html
Omron,,E6A2-CS5C 100P/R 0.5M,Инкрементальный энкодер Omron E6A2-CS5C 100P/R 0.5M,E6A2-CS5C 100P/R 0.5M,,,https://sensoren.ru/product/inkrementalnyy_enkoder_omron_e6a2_cs5c_100p_r_0_5m/,f9faad36.html
Omron,,E6C2-CWZ6C 60P/R 2M,Инкрементальный энкодер Omron E6C2-CWZ6C 60P/R 2M,E6C2-CWZ6C 60P/R 2M,,,https://sensoren.ru/product/inkrementalnyy_enkoder_omron_e6c2_cwz6c_60p_r_2m/,1aebbb43.html
Omron,,Omron,Инкрементальные энкодеры Omron E6B2-C с полноразмерным валом 6мм,Omron,,,https://sensoren.ru/product/inkrementalnie_enkoderi_omron_e6b2-c_s_polnorazmernim_valom_6mm/,6e03c0cc.html
Omron,,E6C2-CWZ5B 200P/R 2M,Инкрементальный энкодер Omron E6C2-CWZ5B 200P/R 2M,E6C2-CWZ5B 200P/R 2M,,,https://sensoren.ru/product/inkrementalnyy_enkoder_omron_e6c2_cwz5b_200p_r_2m/,1ab6b075.html
